1.17916,1.34225,
3.29672,5.83515,
0.388921,0.476194,
0.232889,0.516309,
0.926274,1.47695,
1.88483,2.03053,
2.70551,3.37583,
2.19212,2.89738,
2.01387,2.81537,
0.368177,0.79731,
0.0955603,0.744636,
-0.00465023,-0.487012,
0.883683,0.907092,
1.68801,2.92654,
1.125,1.45148,
0.881695,0.440931,
1.74424,-1.84276,
0.249113,-0.513953,
0.156896,-0.334454,
0.132245,0.381403,
-0.274144,-0.0255314,
-1.94164,-2.55384,
-2.83342,-4.88951,
0.608826,-0.192358,
-0.615657,-1.46535,
0.455028,0.690855,
1.10591,1.46546,
1.9276,4.17315,
0.63177,0.27367,
1.91397,2.65529,
2.80937,3.47827,
1.78587,2.10444,
1.78381,2.58826,
0.603776,1.28197,
0.294485,0.926938,
0.348237,-0.244453,
1.4288,1.87587,
2.16608,3.42767,
0.626746,0.512029,
-0.341673,0.0644585,
-1.56327,-1.66592,
-2.99637,-6.01262,
0.775806,-0.444148,
-0.934283,-1.57486,
-0.750887,-0.417246,
-2.59615,-3.59643,
-1.17667,-1.27389,
0.0280379,-0.233645,
0.189894,-0.636126,
1.8383,2.30452,
2.72455,4.2977,
0.275153,0.262588,
0.67299,1.01355,
2.30375,3.20875,
2.23581,2.33253,
2.77922,3.49091,
1.40095,1.89211,
-0.106044,0.5651,
0.092795,0.200284,
-0.591088,-0.893688,
-0.19976,-0.890083,
0.0212676,-0.247332,
-0.587067,-0.349324,
-2.9152,-4.1819,
-1.9528,-2.12524,
-0.868887,-0.137731,
-0.761528,-0.977785,
-0.807551,-1.31273,
-1.12734,-1.68977,
-2.11131,-3.19044,
-1.07945,-1.19025,
-0.205629,-0.448867,
0.281604,-0.290653,
1.73979,2.0702,
2.8283,4.81768,
0.292711,0.18467,
0.217958,0.364563,
1.74592,1.93979,
3.54225,4.9272,
1.15147,0.684369,
1.41043,1.60265,
1.43938,2.82582,
0.714224,0.577444,
0.849737,1.27429,
1.83239,3.41605,
1.52345,1.83577,
0.387329,0.953556,
-0.12703,0.150254,
-1.04137,-1.25005,
-2.9492,-5.72917,
0.489588,-0.273957,
-0.770544,-1.39409,
-0.728592,-0.569974,
-2.44759,-3.51446,
-1.40015,-1.60948,
0.187623,-0.119927,
-0.00554108,-0.87626,
1.605,1.83,
2.72448,4.66695,
0.325628,0.342212,
0.198744,0.414229,
1.61439,1.94579,
3.47192,5.33141,
0.482873,0.388837,
1.11171,1.05403,
1.61623,3.8492,
0.917201,0.610627,
0.54996,0.755054,
1.73672,3.17493,
1.98367,2.78856,
0.43482,0.632707,
-0.249619,-0.074051,
-1.65406,-1.86448,
-3.18898,-6.25956,
0.882842,-0.638808,
-1.34708,-2.17823,
-1.20188,-1.22883,
-1.47239,-1.45185,
-2.25904,-2.84367,
0.0679876,-0.175335,
0.241927,-0.477804,
2.07067,2.47099,
2.45657,3.71139,
0.217621,0.136503,
0.742223,1.28164,
1.93192,2.36815,
2.8655,3.47274,
2.14388,2.74111,
1.71216,2.26086,
0.325165,0.867283,
0.429502,0.792373,
0.311323,0.289402,
1.14684,1.73449,
2.09908,3.67224,
0.848588,0.659175,
-0.0217789,0.311803,
-0.33832,-1.08357,
-1.89176,-2.78458,
-1.37772,-2.08226,
0.620796,0.588741,
-1.62632,-2.84745,
-2.53306,-3.69103,
-0.0819445,-0.0911297,
-1.38953,-1.9768,
-0.712684,-1.28786,
0.164215,-1.03192,
0.81107,0.701728,
1.66953,3.22718,
1.0091,0.918612,
1.71634,2.58121,
2.88701,3.97823,
1.60635,1.74345,
2.0172,2.70046,
0.759254,1.47612,
0.206644,0.884865,
0.53109,0.261891,
1.22885,1.8197,
2.06452,3.13939,
0.83407,0.96726,
-0.0808251,0.296145,
-0.484589,-1.14146,
-2.21359,-3.43916,
-1.14095,-1.76727,
0.76026,0.641613,
-1.20388,-1.82738,
-2.517,-3.96095,
-0.616701,-0.561263,
-0.78407,-1.14567,
-0.0525742,-0.491015,
0.877091,0.445325,
2.46372,4.25009,
0.741789,0.844105,
0.437637,0.909158,
1.92676,3.37149,
2.40064,2.64521,
2.41681,3.01319,
2.01688,2.84173,
0.367465,0.69108,
0.239425,0.884886,
0.229298,0.0959969,
1.01769,1.34209,
1.74756,2.85211,
1.03415,0.907747,
0.713095,0.385145,
1.39561,-1.58995,
0.849794,-0.881827,
0.564422,0.51073,
1.03943,2.11301,
1.02899,1.52675,
1.0009,1.01931,
1.28319,-0.807261,
0.331369,0.230754,
2.13159,2.27613,
2.5395,2.96824,
1.23502,1.78095,
0.464356,1.28301,
1.22052,2.03069,
1.60443,1.50079,
2.76819,3.64616,
2.18821,2.62242,
1.78863,2.29795,
0.339759,0.922041,
0.300815,0.720459,
0.203397,0.0458,
1.11254,1.47225,
1.88523,3.46134,
0.93559,0.550811,
0.25473,0.610302,
0.214402,-0.704178,
-0.510484,-0.965362,
-1.43565,-2.69177,
-0.845001,-1.28179,
-0.808002,-1.25388,
-2.2857,-3.49156,
-1.04146,-1.0584,
-0.248241,-0.512059,
0.09743,-0.509947,
1.54452,1.62058,
2.85488,5.76912,
0.119363,0.0252572,
0.452741,0.717429,
1.45855,2.02213,
3.20498,4.22835,
1.57336,1.40777,
1.6555,1.65852,
1.03052,1.84444,
0.59578,1.52209,
0.781864,0.764481,
1.50886,2.23319,
2.01213,2.95603,
0.614745,0.681152,
-0.238473,0.230986,
-1.38561,-1.5248,
-3.2649,-6.57412,
0.662361,-0.405679,
-0.677197,-1.27472,
-0.597583,-0.362688,
-2.29872,-3.31394,
-1.49593,-1.94962,
0.0657427,-0.0694091,
-0.339663,-1.19392,
0.906047,0.770226,
2.18652,3.68455,
1.21402,1.4375,
0.428879,0.968419,
1.88997,2.74705,
2.33146,2.39431,
2.8598,3.45217,
1.80854,2.43171,
0.143047,0.576695,
0.19196,0.521533,
-0.322283,-0.458512,
0.234804,-0.153147,
0.798662,1.14773,
0.947476,2.26005,
0.839885,0.956209,
1.48632,-1.3756,
1.06699,-0.920995,
0.188889,0.210624,
1.14603,1.88493,
1.01585,1.37096,
0.849065,1.25079,
0.99958,-0.330892,
0.715927,0.206544,
1.64591,2.3426,
3.32443,5.13159,
0.735294,0.519138,
0.184811,0.500877,
0.946561,1.79404,
1.39539,1.33292,
3.07098,4.56177,
1.03414,1.02238,
1.77248,2.39654,
1.55687,2.88745,
0.428568,0.430036,
0.509386,0.37874,
1.19321,1.79234,
1.84865,3.00058,
0.89322,0.558989,
0.18303,0.843736,
0.0246809,-0.697936,
-0.911673,-1.1325,
-1.95128,-3.83184,
0.0192499,-0.410329,
-1.56951,-2.07826,
-2.22854,-2.76682,
-0.649209,-0.393502,
-1.211,-1.0895,
-0.121186,-0.635991,
0.452346,-0.482472,
1.9372,2.65861,
1.86064,2.70813,
0.242347,0.483494,
2.07993,2.88008,
2.30736,2.29241,
2.67413,3.18202,
1.89798,2.75356,
0.0835391,0.264853,
0.176159,0.358216,
-0.223918,-0.402723,
0.405668,0.209453,
1.18809,1.75468,
1.20973,3.11334,
1.1555,1.13936,
1.66688,-0.608133,
0.571857,-0.404829,
0.230963,-0.162262,
0.617878,1.00442,
0.366192,1.01155,
-0.183754,0.00679085,
-1.39708,-1.79713,
-1.90026,-3.63295,
0.462226,0.0352081,
0.613378,-0.250489,
2.82202,3.9634,
0.650503,0.873474,
0.00134303,0.0155544,
1.56821,1.87868,
3.18343,4.36745,
1.19272,1.13923,
1.74993,1.9266,
1.39618,2.67695,
0.456376,0.698443,
0.702074,0.948889,
1.2895,1.94565,
1.95721,2.97132,
0.811646,1.00478,
0.117868,0.360234,
-0.17357,-0.736588,
-1.47914,-1.79387,
-1.92542,-3.75952,
0.777348,0.14245,
-1.74938,-2.88869,
-2.24763,-3.1077,
-0.14569,-0.0648925,
-1.70914,-2.0426,
-0.925582,-1.20255,
0.222743,-1.23065,
0.595834,0.212177,
1.48112,2.53477,
1.25546,1.51158,
1.0333,1.30389,
3.92504,4.46642,
0.121705,0.22507,
0.624281,0.21282,
1.05815,2.14621,
0.976109,1.27186,
0.76279,0.951895,
1.62529,3.44274,
1.65266,1.83368,
0.818339,1.51769,
0.186173,1.09884,
0.0464766,-0.769444,
-0.91106,-1.13689,
-2.0413,-3.75501,
-0.0489933,-0.375032,
-1.38167,-1.82009,
-2.09353,-2.60873,
-0.982828,-0.790709,
-1.05115,-1.0053,
-0.0494269,-0.263165,
0.73444,0.00864101,
2.3621,3.61731,
1.05083,1.18387,
0.204488,0.41237,
1.9062,2.71328,
2.62232,2.72613,
2.55388,3.29528,
2.15381,2.96596,
0.376614,0.48711,
0.204948,0.866717,
0.239688,0.266647,
0.895668,1.20065,
1.87559,2.73993,
1.14918,1.43451,
0.413374,0.612648,
0.970752,-1.19814,
0.678909,-1.6804,
0.629219,0.0857516,
1.0039,1.37617,
1.12849,2.0773,
1.04992,1.01007,
1.18046,-0.301923,
0.604213,0.301923,
1.57399,2.12796,
2.85672,4.28421,
0.581139,0.780678,
0.719932,1.58832,
1.19903,2.48612,
1.56669,1.75327,
3.15723,4.2919,
1.62466,1.53961,
2.12393,2.27694,
0.830316,1.54144,
0.103892,0.685419,
0.312763,0.0683419,
0.841471,1.09183,
2.0627,3.28294,
1.10105,1.28996,
0.213831,0.308612,
0.378168,-1.03639,
-0.199096,-0.949622,
-1.01565,-1.84053,
-1.21211,-2.08371,
-0.583088,-1.08134,
-2.32592,-3.0164,
-1.73681,-2.23256,
-0.0495175,-0.193817,
-0.191053,-0.971083,
1.01374,0.961612,
2.34391,4.17791,
0.855053,0.855006,
0.423574,0.685808,
1.96986,3.38021,
1.74248,1.83884,
2.97072,3.3746,
1.18016,1.33166,
0.320998,1.01708,
0.56424,1.6616,
0.357384,-0.100484,
1.45532,2.16335,
2.24638,3.38441,
0.596517,0.668742,
-0.477423,0.191456,
-2.35301,-2.96904,
-2.6133,-3.8212,
0.571772,-0.0925452,
-1.52332,-2.38685,
-1.37294,-1.32496,
-0.761842,-0.641741,
-2.50807,-2.77098,
-0.698423,-0.855432,
1.01242,0.35096,
1.96724,1.98287,
2.48024,3.85183,
0.489625,0.650577,
0.612192,1.2231,
1.8806,3.01041,
2.56481,3.12474,
1.8935,2.35584,
2.31794,3.34726,
0.583274,0.995238,
0.00104922,0.539248,
-0.197652,-0.363403,
-0.0402188,-0.371857,
0.523507,0.7141,
0.185453,1.06196,
-0.833685,-0.463171,
-3.51862,-5.89293,
-0.561012,-0.640691,
-0.00828173,-0.82293,
-0.733496,-1.38549,
-1.06923,-1.71696,
-1.77972,-2.42488,
-1.7271,-2.34463,
-0.113313,-0.347978,
-0.10334,-0.797324,
1.3036,1.18757,
2.79198,5.55763,
0.228906,0.320812,
0.459005,0.758264,
1.62646,2.11686,
2.94896,4.11573,
1.0659,1.08132,
1.89381,2.75573,
1.49662,2.62337,
0.317263,0.538376,
0.465905,0.24249,
1.30702,1.78674,
2.12914,3.83955,
0.667655,0.263146,
-0.365234,0.236651,
-1.70431,-1.7994,
-3.2204,-5.99524,
0.747251,-0.425594,
-1.09395,-1.9142,
-0.727045,-0.374998,
-2.14427,-2.6908,
-1.64233,-2.10591,
-0.318621,-0.465136,
-0.283677,-0.926065,
0.849179,0.560172,
2.37498,3.67733,
1.17879,1.60607,
0.143746,0.27447,
1.90908,2.28941,
2.11608,2.39065,
2.74531,3.15145,
1.88945,2.7036,
0.366635,0.656057,
0.519172,1.44317,
0.528327,0.269982,
1.42896,2.58038,
1.84387,2.55827,
0.74957,1.03306,
0.142344,0.546103,
-0.252448,-0.572515,
-1.49984,-1.64788,
-2.19434,-4.42176,
0.784154,-0.154887,
-1.76118,-2.61601,
-2.43987,-3.41044,
-0.240535,-0.0673161,
-1.61796,-1.51796,
-0.861293,-1.30179,
0.400569,-0.732235,
0.979389,0.898402,
2.42491,4.59295,
0.513312,0.171208,
1.01536,1.39329,
3.72733,6.06245,
-0.0319826,0.448247,
0.554069,0.291294,
1.29893,2.25709,
1.1401,1.23108,
0.828592,0.934824,
1.49587,2.64559,
1.74575,2.15203,
0.848834,1.34635,
0.144695,1.02752,
-0.0744042,-0.744594,
-1.21953,-1.47128,
-2.16544,-4.46518,
0.560823,-0.259409,
-1.74759,-2.49307,
-2.23062,-2.87815,
-0.450733,-0.225364,
-1.61339,-1.35317,
-0.548713,-1.03997,
0.337359,-0.985585,
1.067,1.30518,
1.92314,4.11029,
0.749138,0.291864,
1.27517,1.9053,
2.94304,4.28033,
1.1702,1.14104,
1.95477,2.38577,
1.35017,2.43222,
0.271112,0.697222,
0.621032,0.661674,
1.19337,1.48117,
2.20699,3.71668,
0.784302,0.73359,
-0.285055,0.23771,
-1.68335,-1.65468,
-3.61871,-7.01375,
0.317749,-0.0323689,
0.147303,-0.564805,
0.178519,0.92103,
-0.863387,-0.729432,
-3.00708,-5.0303,
-0.113684,-0.186469,
0.764841,-0.165017,
2.61831,3.35235,
1.55506,1.71669,
0.724177,1.30836,
1.1848,2.75545,
1.32319,1.43965,
2.8497,3.87229,
1.44202,1.40422,
2.22378,2.82263,
1.04862,1.84111,
0.0795232,0.416152,
0.470595,0.392586,
0.907967,1.10801,
2.10521,3.70871,
0.993378,0.967853,
-0.214964,0.380009,
-1.11963,-0.940898,
-3.22795,-6.08719,
0.486907,-0.0686664,
-0.772695,-1.47407,
-0.668052,-0.641052,
-1.99397,-2.57956,
-1.8116,-2.57124,
-0.128093,-0.232361,
-0.586454,-1.25221,
0.338756,0.0197372,
1.1768,1.37685,
2.37018,4.75462,
0.421313,0.170196,
1.10567,1.56339,
3.22786,5.56756,
0.373153,0.61362,
1.25375,1.16134,
1.92075,4.2475,
0.717776,0.101608,
0.345667,0.57596,
1.36329,2.04891,
1.94492,3.07734,
0.735012,0.58809,
-0.092642,0.522537,
-0.798392,-1.03521,
-2.74829,-4.37504,
-0.412962,-0.482779,
0.055409,-0.517551,
-0.84468,-1.01572,
-2.45979,-3.84028,
-1.01787,-1.02872,
-0.682672,-0.601551,
0.0434103,-0.24434,
0.929922,0.703064,
2.86422,4.80956,
0.57075,0.744584,
0.155107,0.312123,
1.47391,1.984,
2.72501,3.56206,
1.50573,1.63032,
2.0405,3.09775,
0.986208,1.51537,
0.269149,0.880317,
0.588593,0.519783,
1.34333,1.66365,
2.17511,3.50028,
0.67566,0.671548,
-0.400214,0.371632,
-2.16152,-2.53201,
-3.24364,-5.28551,
0.482157,-0.223502,
-0.864508,-1.64339,
-0.804842,-0.683342,
-2.38092,-3.3467,
-1.46382,-1.64549,
-0.169521,-0.24888,
-0.4028,-1.07998,
0.700007,0.41901,
1.88342,2.91544,
1.67739,2.69211,
0.221864,0.429795,
1.68287,1.81145,
2.51763,2.79545,
2.42941,3.24533,
2.26713,3.16531,
0.480006,0.66788,
0.115721,0.733224,
0.166079,0.142207,
0.759307,0.940892,
2.07211,2.8959,
1.18878,1.55231,
0.195996,0.287709,
0.0942571,-0.642459,
-0.701072,-1.08375,
-2.05972,-3.83183,
-0.323872,-0.607452,
-1.09499,-1.28321,
-2.29632,-3.61592,
-0.782014,-0.594582,
-1.27939,-1.0003,
-0.413654,-0.924098,
0.492012,-0.518552,
1.67559,2.41327,
2.33052,4.19253,
0.186034,0.123626,
1.3386,1.65479,
3.11733,4.54734,
1.12606,0.998023,
1.95222,2.43712,
1.58443,2.93336,
0.250067,0.470038,
0.369572,0.428056,
0.767519,0.659716,
2.1613,3.61332,
1.05815,1.11785,
-0.135617,0.31702,
-0.972422,-0.761566,
-3.04387,-5.67605,
0.261104,-0.0462401,
-0.674156,-1.25363,
-1.03606,-1.23021,
-2.25976,-3.45177,
-1.20757,-1.23649,
-0.789491,-0.723325,
0.00653029,-0.340804,
0.855094,0.484135,
2.84811,4.51926,
0.746319,0.904979,
-0.0523404,-0.0609392,
1.3282,1.69746,
2.90811,3.33599,
1.80123,1.80746,
2.16802,2.60995,
0.880801,1.62175,
0.240397,0.754783,
0.593658,0.592678,
1.09609,1.39917,
2.17787,3.33886,
0.946713,1.08464,
-0.210366,0.32642,
-1.3754,-1.30864,
-3.37924,-6.87988,
0.702874,-0.354196,
-0.993202,-1.69297,
-0.957229,-1.09769,
-1.80398,-2.33169,
-2.16553,-3.00319,
-0.0242862,-0.244048,
-0.22964,-1.01206,
1.01723,0.914276,
2.61134,4.42202,
0.859914,1.05997,
0.0460549,0.348367,
1.3745,1.55228,
3.05055,4.21836,
1.42845,1.32249,
1.95979,2.14935,
1.20389,2.15923,
0.303991,0.91941,
0.595474,0.718149,
1.07525,1.44788,
2.13139,3.30656,
0.972116,1.04631,
-0.360178,0.258501,
-1.53711,-1.3524,
-3.42261,-6.71703,
0.727264,-0.364734,
-1.14226,-1.93351,
-1.15879,-1.28003,
-1.47655,-1.62289,
-1.95073,-2.80262,
-0.390088,-0.521362,
-0.114934,-0.681009,
1.16457,0.992746,
2.84407,5.30479,
0.344327,0.475051,
0.15547,0.371941,
0.896942,1.23275,
3.03466,3.75737,
1.67057,1.50348,
1.98472,2.25689,
0.958481,1.67735,
0.250268,0.954882,
0.254895,0.173146,
0.387733,0.338781,
1.43478,2.0606,
1.52252,2.55296,
0.855265,0.542411,
1.35141,-0.751547,
1.11249,-1.48129,
0.49453,0.0154776,
0.949065,1.289,
1.19445,2.00287,
1.02028,1.08606,
1.15279,-0.0119162,
0.57551,0.1996,
1.57694,2.22702,
2.82214,3.88446,
0.928151,1.12869,
0.693787,1.41731,
1.43169,3.26033,
1.14212,1.14069,
3.03075,3.51266,
1.50073,1.35504,
2.00399,2.4203,
1.0682,1.82934,
0.326132,0.902948,
0.659316,0.896674,
1.29169,1.63348,
2.35955,3.87071,
0.666558,0.691538,
-0.501639,0.0720315,
-2.49418,-3.40378,
-2.43634,-3.34821,
0.531626,-0.0330449,
-1.28744,-2.1631,
-0.907616,-0.797626,
-1.28816,-1.69495,
-2.2646,-3.64635,
-0.215929,-0.24026,
-0.18249,-0.879832,
1.01247,0.892053,
2.54421,4.37321,
0.827103,0.957233,
0.356752,0.97167,
1.51801,2.78133,
2.24313,2.55815,
2.41994,3.11932,
2.42003,3.29591,
0.651906,0.978226,
-0.288877,0.243991,
-0.773422,-1.42368,
-0.488593,-1.15017,
0.147552,-0.604069,
-0.161018,0.034191,
-1.84946,-1.99671,
-4.04811,-7.29144,
-0.244512,0.41513,
-0.375849,-1.08339,
-0.67378,-1.47177,
-0.593339,-1.11768,
-2.17163,-2.71725,
-1.94438,-2.7024,
0.211183,-0.00223261,
-0.920494,-1.89017,
-0.31149,-0.117919,
0.292238,-0.361997,
0.757985,1.18687,
1.21195,2.06002,
1.61841,2.01073,
2.2751,2.95145,
2.32584,3.09357,
2.32655,3.35151,
0.542577,0.755085,
0.0549891,0.611061,
0.015694,-0.199709,
0.389112,0.410524,
1.20788,1.85652,
1.4339,2.77142,
1.0178,0.730598,
1.46689,-0.26085,
0.900905,-1.16018,
0.313544,-0.0199538,
0.805036,1.2297,
0.947809,1.3935,
0.830313,1.86885,
1.0602,0.0230214,
0.67582,-0.370568,
1.24515,1.36315,
3.4614,5.58157,
0.390785,0.399587,
0.636324,0.86599,
1.31167,2.46881,
1.49857,1.47018,
2.71787,3.60972,
1.86407,2.05912,
2.34158,2.96229,
0.739686,1.40354,
-0.0475087,0.385007,
-0.0819104,-0.271778,
0.00632245,-0.184479,
0.761944,0.939945,
0.991512,1.96921,
0.823598,1.62566,
1.27913,-0.378993,
1.16665,-1.3854,
0.441715,0.22572,
1.04515,1.58907,
1.21854,1.71346,
0.990444,1.06118,
1.01588,0.383745,
0.85387,0.176746,
0.941388,0.864058,
3.58678,5.1718,
0.129282,0.484899,
0.613945,0.698143,
1.02588,1.91032,
1.59207,2.09815,
2.25779,2.60393,
2.74643,3.43064,
2.46673,3.33411,
0.887817,1.17693,
-0.275114,0.0210574,
-0.603805,-0.872165,
-0.453827,-1.10687,
0.239681,-0.369242,
0.163232,0.460204,
-1.13905,-0.773258,
-3.90353,-7.23805,
0.550143,-0.130393,
-1.04952,-0.895829,
-1.08775,-2.21557,
-0.380269,-0.938704,
-2.34564,-3.31792,
-1.87631,-2.68115,
0.0714706,0.0816728,
-1.05363,-1.8955,
-0.562299,-0.394815,
0.147611,-0.915635,
0.473058,0.546626,
0.782865,1.60104,
1.43289,2.12447,
2.55821,3.09868,
2.18964,2.52363,
2.33098,3.12846,
0.634049,1.16349,
0.0208884,0.517194,
-0.213027,-0.230974,
-0.179387,-0.620611,
0.49908,0.475833,
0.645119,1.3971,
0.103675,1.07508,
-0.54334,-0.549352,
-2.1734,-2.92665,
-1.71247,-2.68096,
0.904799,0.841546,
-1.38006,-2.76473,
-1.52316,-1.68012,
-1.5523,-1.85726,
-0.902226,-1.21251,
0.143656,-0.160807,
0.955701,0.589787,
3.1716,5.15242,
0.332306,0.566276,
0.182146,0.332598,
1.18258,1.51285,
2.69571,3.3635,
1.61114,1.65971,
2.4814,3.034,
1.01537,1.6726,
-0.172422,0.15018,
-0.339558,-0.364777,
-0.272991,-0.912324,
0.463627,0.298356,
0.280425,0.956382,
-0.559153,-0.099897,
-2.74721,-4.16187,
-1.86508,-2.21863,
-0.240237,-0.0913622,
-1.21685,-1.68311,
-1.03089,-1.48905,
-1.56362,-1.77612,
-2.22646,-3.316,
-0.406514,-0.534919,
0.00297948,-0.578932,
1.28974,1.23145,
3.29462,6.13454,
0.194516,0.297201,
0.0829298,0.176916,
0.735824,0.899438,
2.7191,3.25358,
2.23382,2.28565,
2.56844,3.10298,
0.933701,1.43619,
-0.325102,-0.0658773,
-0.69198,-0.954744,
-0.685104,-1.39251,
-0.0923763,-0.793951,
-0.344149,-0.724128,
-1.87545,-1.90912,
-3.32932,-5.64177,
0.113621,0.0378268,
-1.17704,-1.11593,
-1.36766,-2.29754,
-0.0884828,-0.473446,
-2.46291,-2.97712,
-2.05097,-2.95387,
-0.0269165,-0.117236,
-0.569261,-1.33689,
0.429667,0.166461,
1.24629,1.78408,
2.24148,4.58605,
0.459568,0.182876,
1.12754,1.63735,
3.13568,5.16707,
0.599269,0.700013,
1.56821,1.7918,
2.27478,4.44487,
0.355214,0.0861197,
-0.0974727,0.129884,
0.295472,-0.0691774,
1.34298,1.87302,
1.83158,3.50961,
0.940837,0.11804,
1.12317,-0.479226,
1.25989,-1.62427,
0.438802,0.151263,
1.11122,1.5081,
1.20503,1.83976,
0.992586,0.963743,
1.03227,0.586769,
0.879364,-0.0193651,
0.804945,0.872829,
3.15988,4.86897,
0.144909,0.715995,
1.01598,1.08705,
1.35104,2.04073,
1.30827,1.52654,
2.16065,2.78042,
3.1661,4.22181,
1.8878,1.93511,
1.05827,1.37163,
0.575794,1.31803,
0.760434,1.30806,
1.08172,0.987902,
2.12308,3.54726,
0.923015,0.92202,
-0.106532,0.470501,
-1.24409,-0.860092,
-3.47697,-6.79159,
0.532471,-0.104625,
-0.733561,-1.40219,
-0.882019,-1.15036,
-2.08663,-2.78712,
-1.66777,-2.04469,
-0.599994,-0.596414,
-0.50087,-1.03666,
0.545178,-0.178317,
1.69655,2.50464,
2.33774,4.39539,
0.017112,0.22091,
1.35169,1.93204,
2.39974,2.35049,
2.16703,2.49959,
2.62453,3.45245,
0.817319,1.27681,
-0.46265,-0.235597,
-1.06506,-1.71024,
-0.906355,-1.67269,
0.083254,-0.462141,
-0.302319,-0.819076,
-1.72026,-1.71579,
-3.44294,-6.11592,
0.149023,0.00931403,
-1.15647,-0.882318,
-1.27447,-2.09033,
-0.15795,-0.552474,
-2.17673,-3.02588,
-2.41788,-3.56353,
0.0445961,-0.0511246,
-0.973886,-1.70603,
-0.293966,-0.53822,
0.1682,-0.628181,
1.03013,1.49498,
1.47329,2.35841,
1.26426,1.13078,
2.35092,2.91716,
2.01243,2.28918,
2.32244,3.10684,
0.717334,1.28911,
0.013705,0.49044,
-0.233417,-0.346434,
-0.130969,-0.676751,
0.634318,0.707532,
0.861648,1.68571,
0.662365,1.82332,
0.884367,-0.301957,
1.1986,-1.84703,
0.50147,-0.0414941,
1.25785,1.80368,
1.45458,2.24336,
0.909526,0.748569,
0.884871,0.450992,
0.742729,-0.623641,
0.916569,0.519838,
2.9828,4.85364,
0.471736,0.802401,
1.22493,2.1387,
1.64334,2.8148,
0.83918,0.513586,
2.59837,3.98451,
2.29634,2.38563,
2.71947,3.60015,
0.935634,1.1586,
-0.462124,-0.14744,
-0.749891,-1.23627,
-0.613893,-1.12038,
0.0351855,-0.61948,
0.049698,-0.0597999,
-0.942287,-0.437937,
-3.77873,-6.21408,
-0.213739,-0.373036,
-0.495725,-1.17015,
-1.08741,-1.95149,
-0.982087,-1.50619,
-1.58935,-2.01098,
-2.27251,-3.45168,
-0.309649,-0.445954,
-0.187158,-0.792412,
0.977938,0.815587,
2.77275,4.48195,
0.854786,1.00144,
0.117169,0.585014,
1.01273,1.45497,
2.3581,2.15657,
2.77378,3.52254,
2.01339,2.57223,
0.965821,1.40985,
0.510858,1.2613,
0.701047,1.23333,
1.01365,0.811396,
2.35111,3.88466,
0.914224,1.03754,
-0.419909,-0.00916212,
-2.22042,-2.36511,
-3.25172,-5.17622,
0.417498,-0.150027,
-0.935283,-1.72989,
-1.02523,-1.30522,
-1.66922,-2.17521,
-1.91102,-2.57964,
-0.822727,-0.972298,
-0.120176,-0.562602,
0.92252,0.367221,
2.69358,4.54513,
0.720184,0.892097,
0.243841,0.858647,
1.32447,1.89148,
2.82357,3.75679,
1.61606,1.57862,
2.33776,3.03783,
0.988522,1.63931,
0.0426783,0.487,
0.139164,0.165497,
0.173625,0.114708,
1.01664,1.48815,
1.4867,2.29615,
0.959264,1.1731,
1.44967,-0.553256,
1.12186,-1.45327,
0.237292,-0.0313732,
0.842184,0.966282,
1.07683,1.59362,
0.936594,1.92573,
1.06885,0.38703,
0.892777,-0.0705176,
0.791815,0.932666,
3.43399,5.04139,
0.196761,0.652893,
0.652648,0.867285,
0.9003,1.87236,
1.26765,1.81091,
2.30485,2.85169,
2.69901,3.53106,
2.23587,2.86501,
1.04926,1.67368,
0.173443,0.625925,
0.209868,0.47089,
0.215419,-0.144478,
1.21198,1.76767,
1.52529,2.29559,
0.915954,0.853788,
1.02703,0.25068,
1.32589,-1.70145,
0.683486,-0.109853,
0.851427,1.07237,
1.40865,2.82286,
1.13166,1.12712,
1.1284,0.469853,
0.616043,-0.103454,
1.11385,1.2342,
3.02147,4.92151,
0.78673,0.838264,
0.740781,1.48772,
1.45176,3.13736,
1.19566,1.31021,
2.46573,3.15855,
2.0179,2.19735,
2.37364,3.18901,
0.710807,1.2092,
0.0411328,0.464925,
0.0480815,-0.0154088,
0.156246,0.133458,
1.24437,1.59073,
1.68127,3.58205,
0.955761,0.367838,
1.18918,-0.0975091,
1.01931,-1.60708,
0.543096,0.0709884,
1.03929,1.64504,
1.30492,1.90216,
1.00541,1.17038,
1.0863,0.235854,
0.851711,-0.136481,
0.824951,0.876156,
3.00638,4.77292,
0.36028,0.80467,
1.01426,1.68648,
1.50487,2.16652,
1.27995,1.11076,
2.57949,3.02168,
2.25049,2.51044,
2.63308,3.4433,
0.847744,1.23644,
-0.347982,-0.14841,
-0.747828,-1.1768,
-0.760692,-1.49094,
-0.127746,-0.827,
-0.194344,-0.726481,
-1.36859,-1.03686,
-3.66816,-6.96809,
0.384653,-0.0393399,
-1.00671,-1.4704,
-1.33443,-2.65514,
-0.316587,-0.766727,
-2.0428,-2.54536,
-1.98,-2.90577,
-0.18847,-0.199512,
-1.03909,-1.72561,
-0.315845,-0.859446,
0.155718,-0.705869,
0.934713,1.42956,
1.05097,1.6991,
1.36373,1.85757,
2.37221,2.85045,
2.60134,3.28278,
2.25848,3.0486,
0.873212,1.0518,
0.0915188,0.714128,
0.026156,-0.0856842,
-0.000915997,-0.0923534,
0.681708,0.813807,
0.885185,1.7542,
0.625881,1.67503,
0.990521,-0.744948,
1.21875,-1.92272,
0.877522,-0.137436,
0.747562,0.875315,
1.14977,2.9035,
1.01391,1.23405,
1.20002,0.254776,
0.856943,-0.113554,
0.744119,0.884683,
3.25065,4.87357,
0.566249,0.811152,
0.819088,1.34191,
1.49015,2.95858,
1.13405,1.20223,
2.45016,3.4991,
2.57249,3.07127,
2.55113,3.27883,
1.20524,1.63859,
-0.0825849,0.294463,
0.0968381,0.241897,
0.0664,-0.245953,
1.05024,1.42453,
1.57084,2.56046,
0.952105,1.05127,
1.11688,-0.18635,
1.4385,-1.31165,
0.649213,-0.0622173,
0.694825,0.728052,
1.2741,2.80969,
1.08477,1.25279,
1.31286,0.169239,
0.874373,-0.395875,
0.432165,0.613918,
3.11877,3.75801,
0.918649,1.2447,
0.618405,1.1251,
1.35931,3.11034,
1.16036,1.15584,
2.74073,3.47454,
1.64982,1.62164,
2.66041,3.60628,
0.943697,1.44925,
-0.22256,0.0346421,
-0.144744,-0.302536,
-0.120209,-0.517391,
0.55948,0.663894,
0.807537,1.58528,
0.391673,1.60173,
0.457216,-0.606878,
0.751907,-1.66688,
0.352636,-0.940032,
0.661057,0.217054,
0.980309,1.9674,
0.818439,1.45043,
1.08106,-0.15058,
0.98683,-0.581442,
0.481878,0.82211,
2.96274,3.88849,
0.670509,1.1781,
1.01908,1.75758,
1.61961,3.3624,
0.813106,0.712974,
2.67263,3.72661,
1.28584,1.22629,
2.36194,3.58749,
1.13483,1.77619,
-0.11888,0.200501,
-0.0714709,-0.0692632,
-0.269274,-0.557228,
0.436217,0.182801,
0.543248,1.17349,
0.105213,0.991725,
-0.845427,-0.573403,
-3.02267,-5.07842,
-0.15451,-0.221405,
-0.0418484,-0.765059,
-0.339007,-0.111683,
-1.77363,-2.26477,
-2.67349,-4.44265,
0.302635,-0.0623774,
-1.03837,-1.95821,
-0.491936,-0.154618,
0.146912,-0.828966,
0.849953,1.09962,
1.25837,2.50572,
1.31536,1.45895,
2.25812,2.8601,
2.57147,3.2768,
2.28561,3.0294,
1.05993,1.45924,
0.350144,0.993188,
0.658048,1.17533,
0.929703,0.783826,
2.08859,3.54558,
1.02827,1.00388,
-0.0888428,0.468666,
-1.00263,-0.737643,
-3.37332,-6.37273,
0.149546,-0.0345737,
-0.578272,-1.28106,
-0.726212,-1.08367,
-1.56914,-1.99681,
-2.0287,-3.07736,
-0.424694,-0.443694,
-0.378511,-0.956545,
0.61907,0.204496,
1.98837,2.71936,
2.05246,3.24063,
0.121164,0.355035,
1.30038,1.85244,
2.08142,1.56739,
2.70205,3.54653,
2.29685,3.07459,
1.07309,1.61137,
0.0399268,0.531075,
-0.0447426,0.152289,
-0.339912,-0.729115,
0.245739,-0.00139487,
0.450435,0.801286,
-0.0290747,0.946153,
-1.39645,-1.38259,
-3.84347,-8.04912,
0.440519,-0.0886993,
-0.388844,-1.16277,
-0.241907,-0.24822,
-1.66888,-1.92254,
-2.86184,-4.85957,
0.507954,-0.10854,
-1.34315,-2.36201,
-0.939159,-0.441437,
0.076998,-1.18478,
0.252803,-0.117273,
0.597126,1.12322,
1.28635,1.76976,
2.47851,3.34014,
1.87756,1.99642,
2.77987,3.55904,
0.956491,1.25086,
-0.242425,0.154341,
-0.305306,-0.48581,
-0.389639,-0.994741,
0.36757,-0.0142347,
0.391166,0.854887,
-0.205422,0.46612,
-1.89015,-2.33477,
-3.97309,-7.11331,
-0.125646,0.433423,
0.189741,-0.751392,
-0.239511,-0.258864,
-1.30777,-1.19032,
-3.21799,-5.8597,
0.263118,-0.0232052,
-0.823843,-1.53951,
-0.0457112,-0.0165122,
0.583471,0.256448,
1.7055,2.69235,
1.30013,1.74873,
0.696831,1.04614,
3.18487,4.54024,
0.507076,0.883885,
1.47644,1.6201,
2.58313,4.91521,
0.48984,-0.447254,
-0.374581,-0.192241,
-0.203041,-0.545159,
0.0860455,-0.231013,
0.216721,0.634481,
-0.820373,-0.371329,
-3.31917,-5.51264,
-0.286266,-0.379103,
-0.929945,-1.30185,
-1.46551,-2.74793,
-0.2641,-0.678726,
-2.12784,-2.52555,
-2.08058,-3.06803,
-0.303617,-0.236794,
-0.939756,-1.60205,
-0.161129,-0.823107,
0.456415,-0.150186,
1.57342,2.31722,
1.5556,2.32844,
0.503612,0.559832,
2.4568,3.77558,
2.07087,1.91584,
2.9265,3.71114,
1.11205,1.29549,
-0.331017,-0.0550472,
-0.504464,-0.509341,
-0.736615,-1.64052,
0.0369319,-0.664939,
0.114113,-0.128333,
-0.736033,-0.148375,
-3.24796,-5.06965,
-0.696391,-0.737244,
-0.784786,-0.983296,
-1.03065,-2.12498,
-0.416735,-1.09836,
-2.0359,-3.15059,
-2.24954,-3.43602,
-0.334779,-0.250457,
-0.831408,-1.46638,
0.137841,-0.585595,
0.721081,0.444241,
2.33506,3.6693,
0.959748,1.04011,
0.391615,0.562536,
2.74564,3.80561,
1.1416,1.49698,
2.46738,3.03406,
1.46658,2.21656,
-0.120958,0.313325,
0.0341193,0.0264499,
-0.06427,-0.450918,
0.770787,0.983555,
1.2965,2.07318,
0.975211,2.18723,
1.2352,0.170874,
1.52778,-1.20759,
0.497154,-0.109097,
0.544478,0.365148,
0.913949,1.94481,
0.772731,1.44502,
0.882631,0.285824,
0.940205,-0.836981,
0.580206,0.528137,
2.59621,4.28591,
1.32106,1.37505,
1.51155,2.27274,
1.38113,2.21503,
0.92408,1.0701,
2.5454,3.88413,
1.18639,1.235,
2.64608,3.73032,
1.35826,1.79907,
-0.203503,0.373249,
-0.143005,-0.105823,
-0.367904,-0.937071,
0.446341,0.139837,
0.804363,1.27659,
0.684231,2.09335,
0.698682,0.14373,
1.31612,-1.82459,
0.531998,-0.67878,
0.78038,1.11057,
1.12988,2.05456,
1.03414,1.71771,
1.1257,0.840027,
0.77251,-0.185155,
0.875945,0.857418,
2.55419,4.07503,
1.42175,1.58892,
1.19882,1.85862,
1.37936,2.34471,
0.974799,0.913617,
2.15025,3.57722,
2.41547,2.81651,
2.47858,3.12378,
1.38097,2.04712,
-0.146543,0.325157,
-0.161421,-0.0710254,
-0.654465,-1.27918,
0.0459137,-0.700368,
0.0414723,-0.067161,
-0.927187,-0.589469,
-3.28198,-5.32744,
-0.0602737,-0.175204,
-1.08474,-1.05558,
-1.33959,-2.4255,
-0.160674,-0.589907,
-1.9779,-2.57953,
-2.22081,-3.23462,
-0.0257363,-0.104979,
-0.999779,-1.75009,
-0.354898,-0.671775,
0.249448,-0.540599,
0.999535,1.25178,
1.3343,2.83526,
1.04738,0.878798,
2.43598,3.77596,
1.87212,1.8882,
2.95035,3.84099,
0.949611,1.09464,
-0.506913,-0.37103,
-0.927491,-1.48078,
-0.888975,-1.63938,
0.017348,-0.607266,
-0.198175,-0.722668,
-1.37701,-1.19307,
-3.65845,-6.59682,
0.212101,-0.0414499,
-0.871525,-0.696466,
-1.27005,-2.5271,
-0.228037,-0.810534,
-1.78019,-3.04034,
-2.63113,-4.03971,
-0.0325491,-0.0935102,
-0.946075,-1.65153,
-0.0957831,-0.704189,
0.384713,-0.243997,
1.52114,2.22342,
1.50682,2.18949,
0.640615,0.693548,
2.57937,4.32447,
1.80874,1.64273,
2.7766,3.71168,
0.922439,1.22774,
-0.119461,0.240188,
-0.140849,0.00808055,
-0.501509,-1.06811,
0.151916,-0.341221,
0.35313,0.466154,
-0.385873,0.543065,
-2.54785,-3.71626,
-3.15695,-4.37963,
-0.420793,0.566254,
-0.185681,-0.947608,
-0.646499,-1.05593,
-1.45796,-1.92313,
-2.35845,-3.82161,
-0.650146,-0.55858,
-0.357163,-0.88343,
0.522188,-0.0949662,
1.84128,2.308,
2.46431,3.94632,
0.265757,0.250454,
0.892788,1.28619,
2.49111,3.59834,
1.43306,1.47374,
2.76048,3.4349,
1.06105,1.43045,
-0.441159,-0.0746692,
-0.763722,-1.02727,
-0.769519,-1.4435,
-0.126119,-0.807415,
-0.00452088,-0.535867,
-0.804659,-0.256235,
-3.1943,-5.08145,
-0.386093,-0.421696,
-0.995165,-1.01554,
-1.48355,-2.83045,
-0.161145,-0.560003,
-1.95011,-2.43782,
-2.34089,-3.4623,
-0.0869942,-0.125604,
-0.953729,-1.6939,
-0.223041,-0.727342,
0.371494,-0.26568,
1.43141,2.1135,
1.73089,2.91195,
0.607226,0.383891,
2.06586,2.95997,
2.70091,2.97006,
2.58576,3.44361,
1.5414,2.04665,
-0.124243,0.248855,
-0.0335958,0.0277948,
-0.57774,-1.04227,
-0.03978,-0.599376,
-0.0171766,-0.145118,
-1.03344,-0.691597,
-3.36077,-5.63116,
0.189771,-0.050693,
-1.14106,-0.51264,
-1.76505,-3.34146,
0.227225,-0.186992,
-2.21144,-3.08916,
-2.39661,-3.36027,
-0.178808,-0.0435132,
-1.20016,-1.86148,
-0.465542,-1.0305,
0.175243,-0.970503,
0.81856,0.986182,
1.50755,2.69563,
1.36448,1.43581,
1.80015,2.59469,
3.22957,4.09399,
1.87669,2.02951,
1.25301,1.39998,
0.5961,1.45909,
0.732885,1.29086,
0.975171,0.939744,
1.96308,3.04628,
1.39465,1.90033,
0.186528,0.773096,
-0.285457,-0.24871,
-1.76795,-2.19491,
-2.70862,-5.21801,
0.961935,-0.461876,
-1.50628,-2.35584,
-1.60821,-1.97177,
-1.3801,-1.37321,
-1.50575,-1.73307,
0.0284286,-0.144765,
0.48297,-0.295262,
2.49223,3.19961,
1.69939,2.07867,
0.148976,0.429139,
1.37323,1.86078,
1.71314,1.37374,
3.07568,3.95494,
1.92982,2.19207,
1.14051,1.51488,
0.53467,1.33638,
0.687256,1.1916,
0.928004,0.767003,
1.97148,3.04784,
1.22192,1.39708,
0.265857,0.893336,
-0.47293,0.34978,
-2.02767,-2.44938,
-2.5047,-4.40341,
1.1545,-0.38653,
-1.50715,-2.80671,
-0.949887,-0.315493,
-2.47162,-2.52363,
-1.14692,-1.21701,
0.474517,0.0438569,
0.549623,0.021912,
3.19882,3.92985,
0.660861,1.02277,
0.0139652,0.294143,
0.734538,1.10197,
2.03101,2.17414,
3.17991,4.34175,
1.42594,1.20124,
1.42142,1.74803,
0.931006,1.82544,
0.712112,0.968709,
0.844975,0.497226,
1.7755,3.36287,
1.40549,1.67651,
0.378664,0.880293,
0.154145,-0.0373777,
-0.345355,-0.917447,
-1.77448,-2.44459,
-1.26036,-1.71539,
0.400224,0.349701,
-1.72011,-2.92897,
-2.49966,-3.63432,
0.284219,-0.0142606,
-1.42162,-2.21416,
-1.05564,-0.58443,
0.17003,-1.14872,
0.231422,-0.22997,
0.860036,1.54286,
1.19258,1.67272,
2.00953,2.64226,
2.9939,4.23985,
1.87821,2.07835,
1.52244,2.1862,
0.470728,1.15572,
0.528843,0.866251,
0.861949,0.704984,
2.04467,3.33336,
1.17558,1.21517,
0.161058,0.844245,
-0.617486,0.116167,
-2.54818,-3.59947,
-1.6488,-2.22418,
0.903571,0.570131,
-1.05709,-2.0948,
-0.94567,-0.659334,
-2.38556,-3.08468,
-0.967966,-1.0822,
0.209555,-0.172951,
0.491622,-0.113013,
2.67053,3.35509,
1.26822,1.42253,
0.192997,0.497879,
1.53166,2.25906,
1.74463,1.74546,
2.83357,3.4627,
1.83937,2.31682,
1.25327,1.8024,
0.536285,1.4364,
0.657711,0.926099,
0.925441,1.0437,
1.78419,2.90136,
1.4265,1.82948,
0.444995,0.883948,
-0.00776912,0.439291,
-0.680159,-1.05797,
-2.49402,-4.25353,
-0.40838,-0.521082,
-0.0287859,-0.396119,
-1.23882,-1.50768,
-2.87214,-4.83354,
0.206085,-0.0271806,
-1.2261,-1.79626,
-0.628716,-1.13474,
0.0448938,-1.12788,
0.694868,0.785521,
1.06907,2.04425,
1.38218,1.78543,
1.94438,2.35112,
2.30711,2.7166,
2.72538,3.35444,
0.99919,1.22711,
-0.325376,0.0943688,
-0.625847,-0.834976,
-0.903119,-1.68227,
-0.176581,-0.843232,
-0.138603,-0.84985,
-1.17147,-0.958657,
-3.57991,-6.1823,
0.126933,-0.124485,
-0.871074,-0.397268,
-1.65623,-3.06557,
-0.248574,-0.601703,
-1.6052,-1.94518,
-2.20906,-2.8289,
-0.619065,-0.487691,
-0.533686,-1.00551,
0.536924,-0.256681,
1.60911,2.24781,
2.56265,4.75208,
0.137862,0.176441,
0.701259,1.18354,
1.89233,2.27796,
2.97793,3.76483,
1.76017,1.97702,
1.59048,1.99436,
0.690166,1.48114,
0.501775,1.14238,
0.715633,0.0115211,
2.01103,3.28284,
1.3386,1.4993,
0.183549,0.776195,
-0.377957,-0.00795642,
-2.11235,-2.81173,
-2.52984,-4.29195,
0.975287,-0.228541,
-1.42705,-2.51837,
-0.896576,-0.333483,
-2.30722,-2.21744,
-1.22901,-1.45221,
0.443954,0.135444,
0.207504,-0.431818,
2.43768,2.78959,
1.84307,2.21517,
0.0786523,0.423034,
1.07726,1.13264,
1.92112,1.56627,
3.08797,4.37735,
1.67617,1.68796,
1.66925,1.98239,
0.71476,1.47295,
0.493878,1.09506,
0.766801,0.435351,
1.82813,2.83012,
1.569,1.99512,
0.380497,0.783646,
-0.141882,0.0911586,
-1.1397,-1.3178,
-2.87565,-5.90786,
0.722697,-0.485226,
-1.44053,-2.18695,
-1.64176,-1.88453,
-1.43698,-1.49919,
-1.84216,-1.90648,
-0.126201,-0.383993,
0.346601,-0.317392,
2.05586,2.57853,
2.47288,3.93318,
0.217461,0.0200476,
0.573369,0.852603,
2.15927,2.79092,
2.94777,3.41235,
2.23804,2.98308,
1.5905,1.74831,
0.245469,0.778862,
0.197246,0.471635,
-0.00201269,-0.398823,
0.724503,0.847617,
1.45316,2.15158,
1.1768,2.22097,
1.16374,0.759822,
1.75201,-1.60333,
0.0397056,-0.218727,
0.258733,-0.447206,
0.389205,0.738366,
-0.138346,0.466183,
-1.67708,-2.12822,
-3.17094,-6.25007,
0.582848,-0.318399,
0.674479,-0.268073,
3.30604,4.41879,
0.216497,0.736442,
0.328178,0.608636,
0.732317,1.32782,
1.87994,2.20867,
3.03824,3.87025,
1.77353,1.96023,
1.40274,1.72423,
0.74994,1.60608,
0.688868,1.40323,
0.827426,0.461258,
1.81458,3.36266,
1.62018,1.96656,
0.38556,1.0459,
-0.155956,-0.00432485,
-1.11273,-1.2932,
-2.97148,-5.98973,
0.528103,-0.30178,
-0.952348,-1.47138,
-1.20716,-1.51665,
-2.08736,-2.80686,
-1.368,-1.58926,
0.0863774,-0.0961907,
0.038805,-0.784535,
1.58914,1.82917,
2.4052,4.34452,
0.225953,0.224012,
0.92329,1.49658,
2.17312,2.55608,
2.22577,2.43766,
2.8199,3.53352,
1.38857,1.85968,
-0.130023,0.531361,
-0.156482,0.145086,
-0.684232,-1.40528,
-0.115626,-0.68289,
0.172288,-0.193275,
-0.373642,0.318448,
-2.37483,-3.2804,
-2.76888,-3.98867,
-0.363045,0.0630719,
-0.504877,-1.11394,
-0.641327,-1.16325,
-1.23525,-1.71083,
-2.10254,-3.33759,
-1.0497,-0.981253,
-0.280455,-0.587273,
0.387426,-0.184324,
1.78869,2.15717,
2.70637,4.50458,
0.239712,0.224261,
0.434053,0.756088,
1.81467,2.23996,
3.23086,4.41129,
1.14706,0.96936,
1.38778,1.86803,
1.35709,2.71883,
0.776756,0.663855,
0.755743,0.976264,
1.77311,3.58422,
1.60341,2.08147,
0.418171,0.756372,
-0.0603803,0.0431755,
-0.755328,-1.0912,
-2.54756,-4.56656,
-0.163329,-0.348557,
-0.300927,-0.682018,
-1.24651,-1.15595,
-2.92223,-5.15167,
0.0986361,-0.0519521,
-1.06676,-1.65352,
-0.370477,-1.14472,
0.273076,-0.672159,
1.10229,1.46879,
1.56171,3.2074,
0.892334,0.752,
2.1904,3.57138,
1.85145,1.89422,
3.01989,3.5853,
1.23823,1.38937,
-0.155565,0.303455,
-0.19499,0.0874766,
-0.731846,-1.46369,
-0.197969,-0.874617,
0.0791929,-0.409567,
-0.728336,-0.20428,
-3.07229,-4.74256,
-0.752183,-0.747714,
-1.0463,-0.654208,
-1.38704,-2.52053,
-0.105758,-0.551787,
-1.71933,-2.43632,
-2.18345,-2.8912,
-0.26211,-0.181868,
-1.28654,-1.89471,
-0.549915,-1.12501,
0.239136,-0.921916,
0.945794,1.23383,
1.5738,3.44872,
1.01809,0.903036,
1.93549,2.9586,
2.80304,3.79023,
1.59939,1.91752,
1.50348,2.07349,
0.992587,1.79335,
0.701783,1.48926,
0.897558,0.660997,
2.08563,3.2767,
1.31503,1.48969,
0.135054,0.72937,
-0.559751,-0.00229608,
-2.59029,-3.72465,
-2.02396,-2.7135,
0.694233,0.291528,
-1.5675,-2.68854,
-1.44458,-1.45298,
-1.14088,-0.797344,
-2.12259,-2.26916,
-0.105686,-0.206192,
0.581875,-0.0803108,
2.57519,3.23992,
1.85072,2.2208,
0.316487,0.487875,
1.05916,1.78823,
1.68198,1.59165,
2.85614,3.83292,
1.83372,2.14548,
1.92575,2.58903,
0.57213,1.28247,
0.208171,0.825805,
0.352632,-0.153687,
1.38919,1.86189,
1.96445,3.30498,
0.701857,0.3521,
0.0612639,0.215845,
-0.428047,-0.759853,
-1.98926,-2.81732,
-1.11716,-1.47238,
0.370583,0.330716,
-1.56978,-2.45732,
-2.71279,-3.94387,
-0.0532084,-0.109756,
-1.07533,-1.69486,
-0.297408,-1.10002,
0.279099,-0.577192,
1.283,1.69459,
1.87118,3.6712,
0.653089,0.286727,
1.74425,2.33294,
3.2878,4.7022,
1.01507,0.839533,
1.40146,1.88139,
1.66735,3.19527,
0.674165,0.437993,
0.782639,1.18026,
2.03252,3.50964,
1.32702,1.37274,
0.379563,1.08409,
-0.185762,0.513733,
-1.35779,-1.5307,
-3.08377,-6.47385,
0.89412,-0.657864,
-1.3223,-2.19502,
-0.968656,-0.586303,
-2.31811,-2.61606,
-1.17707,-1.29009,
0.123965,-0.197796,
0.390842,-0.414742,
2.53884,3.22256,
1.89151,2.35806,
0.101118,0.384673,
1.08405,1.36288,
1.7174,1.42166,
3.06112,4.35062,
1.63562,1.69117,
1.7533,2.13319,
0.747065,1.49678,
0.456744,1.06483,
0.740132,0.641096,
1.67904,2.52371,
1.76467,2.5866,
0.498622,0.559943,
0.0722775,0.0247745,
-0.568656,-0.832098,
-2.26403,-3.28508,
-0.919031,-1.19792,
0.258,0.0980845,
-1.53336,-2.27282,
-2.73908,-4.09333,
-0.00921658,-0.0675612,
-1.33793,-1.90017,
-0.710462,-1.31855,
0.128224,-1.04805,
0.734185,0.702772,
1.69187,2.94347,
1.2031,1.39978,
1.29883,1.90844,
3.56245,4.51364,
0.333947,0.381613,
0.967849,0.729382,
1.42442,3.51131,
1.00477,0.855417,
0.771817,1.0202,
1.94182,3.92067,
1.5051,1.67008,
0.394043,1.11707,
-0.253017,0.408537,
-1.42943,-1.5872,
-3.25431,-6.66516,
0.727045,-0.548678,
-0.861584,-1.45176,
-1.0845,-0.946239,
-2.49902,-3.94176,
-0.656309,-0.600922,
-0.431031,-0.952708,
0.562729,-0.0938272,
2.00727,2.62577,
2.54078,4.20801,
0.225431,0.0175169,
0.35725,0.69672,
1.56272,1.89014,
3.50434,5.12856,
0.977376,0.638927,
1.2036,1.55617,
1.44226,3.02744,
0.797033,0.887623,
0.948528,1.43617,
1.77006,3.13093,
1.28532,1.36155,
0.545109,1.20225,
0.215815,0.862477,
-0.090298,-0.695775,
-1.21994,-1.3961,
-1.88016,-3.56341,
0.321079,-0.125283,
-1.75696,-2.41938,
-2.27989,-2.93848,
-0.133277,-0.121246,
-1.49086,-2.07801,
-0.715362,-1.22253,
0.0286195,-1.42118,
0.623429,0.49719,
1.41297,2.26783,
1.45297,1.93449,
1.16022,1.19147,
3.61356,3.83295,
0.88043,0.374134,
1.17065,1.47791,
1.48404,3.1749,
0.871465,0.821534,
0.760763,1.03359,
2.04365,3.96556,
1.3722,1.44414,
0.289628,0.980382,
-0.201172,0.377678,
-1.65111,-1.94689,
-3.19519,-6.44603,
0.984198,-0.81554,
-1.38645,-2.34701,
-0.83298,-0.248177,
-1.91025,-2.30747,
-1.62158,-2.24862,
0.106913,-0.0476757,
-0.245837,-1.08311,
1.04777,0.977936,
2.1868,4.04641,
0.938293,0.938123,
0.792297,1.21638,
2.32541,4.16159,
1.28442,1.23785,
3.20587,3.70707,
1.2176,1.17885,
-0.317344,-0.00360339,
-0.245166,-0.192746,
-0.721539,-1.38611,
-0.212054,-0.891983,
0.0341738,-0.44622,
-0.511353,-0.150494,
-2.62431,-3.73815,
-2.02122,-2.5218,
-0.571749,-0.295338,
-0.99252,-1.3704,
-0.673804,-1.22644,
-1.12377,-1.76645,
-2.10517,-3.32589,
-0.958715,-0.883345,
-0.616622,-0.758589,
0.21765,-0.122911,
1.27077,1.27587,
3.11302,5.75633,
0.186626,0.0934406,
0.0740139,-0.0951853,
1.24212,1.29295,
3.2334,5.20851,
0.790392,0.69808,
1.25379,1.96576,
1.5774,3.29158,
0.873393,0.537823,
0.524017,0.635583,
1.97738,3.87077,
1.58469,1.88784,
0.323992,0.791041,
-0.355402,0.404842,
-1.95671,-2.39574,
-3.05241,-5.28147,
0.67637,-0.34495,
-1.15462,-1.88279,
-1.08696,-1.04117,
-1.81384,-2.05472,
-1.84095,-2.42503,
-0.0283077,-0.322447,
0.0235434,-0.720124,
1.63468,1.80213,
2.8624,5.90371,
0.0888414,-0.0575216,
0.139376,0.348217,
1.08314,1.19693,
3.51272,5.96204,
0.391909,0.44932,
1.04067,0.879925,
1.77678,4.0324,
0.918314,0.37508,
0.430816,0.710569,
1.44865,2.61165,
1.9443,2.65862,
0.700215,1.05297,
-0.00878566,0.258599,
-0.58472,-0.902827,
-2.31196,-3.78497,
-0.668825,-0.859621,
0.32765,0.0510926,
-1.04082,-1.45522,
-2.66173,-4.43657,
-0.374638,-0.33682,
-0.784668,-1.36965,
0.0573129,-0.648951,
0.956412,0.653519,
2.66513,4.61756,
0.515194,0.489391,
0.0778859,0.222126,
1.53192,1.82736,
3.57642,5.26762,
0.917407,0.540717,
1.22511,1.53642,
1.49027,3.14809,
0.889959,0.728754,
0.61092,0.78283,
1.92724,4.04646,
1.58231,1.86186,
0.319223,0.804808,
-0.280885,0.172957,
-1.71814,-2.00172,
-3.19945,-6.1244,
0.826951,-0.564728,
-1.14296,-1.92149,
-0.840526,-0.592002,
-2.07117,-2.57455,
-1.87627,-2.39285,
0.400086,-0.0290253,
-0.173175,-0.972911,
1.44081,1.6569,
2.69693,5.65482,
0.236669,0.309268,
0.631018,1.01618,
1.99813,2.71563,
2.67369,3.12339,
2.05277,2.70878,
1.74762,2.24999,
0.667403,1.28361,
0.574494,1.50041,
0.798419,0.732452,
1.56628,2.70408,
1.72373,2.14978,
0.638636,1.10626,
0.169064,0.42117,
-0.146314,-0.679653,
-1.36444,-1.44452,
-1.64222,-3.0306,
0.445873,0.0692957,
-1.84489,-2.84384,
-2.3756,-3.17997,
-0.173401,-0.0935824,
-1.34353,-1.9811,
-0.621392,-1.14181,
0.103021,-1.1252,
0.802884,0.76334,
1.63113,3.08355,
1.14676,1.10757,
1.74594,2.61506,
3.08398,4.42326,
1.58921,1.66141,
1.589,1.74237,
0.93422,1.78855,
0.654806,1.25464,
0.919119,1.25767,
1.48,2.19521,
1.78122,2.47717,
0.735747,0.885453,
0.0447573,0.864534,
-0.478743,-0.741588,
-2.11393,-2.98772,
-1.36299,-2.1439,
0.801575,0.781348,
-1.42361,-2.14234,
-2.50209,-3.82634,
0.118172,-0.0061967,
-1.7187,-2.25515,
-1.15495,-1.35615,
0.374294,-0.974001,
0.522377,0.145834,
1.51655,2.5964,
1.16169,1.044,
1.69682,2.64012,
3.02684,4.32936,
1.33935,1.36282,
1.77289,2.02931,
1.25855,2.38412,
0.468535,0.997739,
0.783476,1.04981,
1.53442,2.35623,
1.75477,2.42921,
0.634649,0.764124,
0.161906,0.333581,
-0.138464,-0.709314,
-1.24439,-1.31944,
-2.08809,-4.2329,
0.579171,-0.207031,
-1.86019,-2.81518,
-2.18975,-2.75067,
-0.444713,-0.304432,
-1.22516,-1.66078,
-0.314376,-0.94385,
0.378787,-0.754625,
1.50095,2.29992,
2.01598,3.67229,
0.344111,0.219819,
1.63169,2.45048,
2.70721,3.10485,
1.8622,2.30827,
1.87829,2.33925,
0.826556,1.57345,
0.439342,1.2388,
0.673586,0.589238,
1.39218,1.98193,
1.9455,3.10135,
0.692026,0.436969,
-0.14875,0.424319,
-0.912945,-1.22982,
-2.94215,-5.40736,
0.125547,-0.0802202,
-0.411023,-0.956276,
-0.69271,-0.510098,
-2.2523,-3.20109,
-1.44379,-1.83483,
-0.124377,-0.180739,
0.00138458,-0.776121,
1.38056,1.65291,
2.81444,5.66261,
0.211648,0.113414,
0.203304,0.386852,
1.18599,1.40784,
3.43627,5.16614,
1.14723,0.744814,
1.65094,1.74414,
1.52539,2.96768,
0.507531,0.496445,
0.76643,1.04193,
1.69269,2.69058,
1.83002,2.54788,
0.534165,0.736949,
-0.210099,0.686647,
-1.56218,-1.62342,
-3.58704,-7.34384,
0.628104,-0.346552,
-0.568337,-1.30544,
-0.340151,0.0185351,
-2.17931,-2.91173,
-2.27606,-3.45692,
0.317834,-0.0403914,
-0.659384,-1.59914,
0.176314,0.332612,
0.807924,0.825923,
1.76333,3.29083,
1.11233,1.04307,
1.43056,2.06696,
3.45613,4.68953,
1.07032,0.734648,
1.63886,1.74696,
1.5041,3.05279,
0.547581,0.404072,
0.56973,0.582413,
1.35502,1.95183,
1.99977,3.18116,
0.720909,0.537724,
-0.025691,0.245697,
-0.761255,-0.802029,
-2.64705,-4.69529,
-0.183303,-0.309909,
-0.382194,-0.857691,
-0.786878,-0.974044,
-2.35621,-3.16848,
-1.52597,-1.80986,
0.126863,0.00848868,
-0.382799,-1.30416,
0.725337,0.675276,
1.88663,2.91955,
1.63008,2.50381,
0.271916,0.48455,
1.94279,1.89213,
2.74263,3.12383,
2.08617,2.62366,
2.30237,3.09309,
0.517328,0.976588,
-0.155253,0.476372,
-0.479646,-1.08883,
-0.0326988,-0.638502,
0.505798,0.467789,
0.60752,1.53275,
0.0675112,0.726726,
-0.617843,-0.671507,
-2.47463,-3.76837,
-0.975826,-1.26484,
0.510364,0.234791,
-1.10051,-1.59381,
-2.21459,-3.25709,
-1.02552,-0.994812,
-0.556443,-0.655868,
0.0459189,-0.35435,
1.20107,1.05568,
2.96262,5.48838,
0.139949,0.26495,
0.148682,0.296909,
1.1683,1.36129,
3.42501,6.05146,
0.165117,0.489232,
1.01819,0.752269,
1.45758,3.48314,
1.06793,0.716717,
0.52315,0.717637,
1.49968,2.67686,
1.8648,2.48862,
0.732429,1.13916,
-0.0685376,0.655245,
-0.615565,-1.0684,
-2.50679,-4.20611,
-0.751551,-0.957861,
0.351947,0.0232753,
-1.04384,-1.48848,
-2.32997,-3.50541,
-0.894302,-0.839399,
-0.639717,-0.781696,
-0.00123331,-0.37995,
0.975415,0.734117,
2.813,4.86461,
0.526584,0.690509,
0.275112,0.515546,
1.81043,2.4287,
2.97019,3.51578,
1.97778,2.21497,
2.32153,3.02178,
0.490489,0.944266,
-0.085297,0.510044,
-0.249767,-0.51502,
0.263179,-0.108718,
1.03641,1.45219,
1.29948,3.06552,
1.12122,0.91477,
1.62239,-0.735572,
0.633803,-0.527868,
0.189045,-0.0730477,
1.03946,1.68097,
0.90896,1.57271,
0.810011,1.14995,
1.03746,-0.743043,
0.563498,0.122302,
1.96988,3.37584,
2.6165,3.12805,
1.39561,1.98267,
0.513498,1.23662,
1.2842,2.48416,
1.51366,1.41736,
2.72213,3.55348,
2.31825,2.76385,
1.76906,2.32972,
0.418587,0.83304,
0.496771,1.27583,
0.49556,0.249864,
1.45208,2.34605,
2.16887,3.08624,
0.674587,0.867694,
-0.47365,0.331366,
-2.23314,-2.48655,
-2.81469,-4.35134,
0.682329,-0.223676,
-1.40048,-2.34328,
-0.912513,-0.625287,
-1.61896,-1.97198,
-2.36347,-3.68727,
0.0311029,-0.14109,
-0.127793,-1.00455,
1.28068,1.29044,
2.7472,5.44206,
0.34237,0.307305,
0.304603,0.483827,
1.56796,1.9735,
2.96923,3.59438,
1.72595,1.83868,
1.83053,2.13331,
0.73149,1.57136,
0.294257,0.999806,
0.307333,-0.140978,
0.795908,1.26484,
1.72508,2.76849,
1.24548,1.47691,
0.553796,0.807626,
1.02136,-0.805596,
1.02008,-1.84992,
0.658136,0.138988,
1.17615,1.8963,
1.21972,2.23951,
1.06889,1.00015,
1.03365,-0.11627,
0.630488,0.466365,
1.81324,3.15431,
2.79892,3.6247,
1.1755,1.44235,
0.485336,1.3496,
1.25363,2.61267,
1.40409,1.29649,
2.87474,3.79351,
1.87805,1.86041,
2.20422,2.8973,
0.656673,1.22724,
0.0838211,0.706636,
0.0911739,-0.115663,
0.431843,0.538207,
1.34256,2.04838,
1.36555,2.59185,
0.97649,0.599092,
1.37088,-0.443421,
1.25861,-1.05018,
0.312663,0.120157,
0.806913,1.08467,
0.69461,1.20866,
0.522864,0.851746,
0.495921,-0.595236,
0.229557,-0.306795,
1.54141,2.0583,
3.06355,4.57433,
0.609362,0.707665,
0.714479,1.19641,
1.53847,2.902,
1.21584,1.34775,
2.94605,3.22277,
1.92806,1.95057,
2.19451,2.63763,
0.723316,1.35548,
0.0433604,0.659944,
-0.13656,-0.382937,
0.0930398,-0.18893,
0.67545,1.10976,
0.599339,1.51111,
0.141906,0.708166,
-0.205,-0.768435,
-1.55205,-1.8824,
-2.08158,-4.48663,
0.954115,0.0467575,
-1.51596,-2.64326,
-1.85955,-2.43376,
-0.970444,-0.966546,
-1.01298,-1.18068,
-0.0986209,-0.39505,
0.592139,-0.170875,
2.14354,2.9239,
1.53296,1.97357,
0.232055,0.67178,
1.61624,1.51167,
2.66991,3.03486,
2.25327,2.79557,
1.98679,2.66977,
0.459298,0.889826,
0.392191,1.12857,
0.557519,0.618203,
1.60062,2.38101,
2.12995,2.99477,
0.569537,0.814331,
-0.361036,0.38662,
-2.08449,-2.47588,
-3.19772,-5.30319,
0.438935,-0.160555,
-0.586296,-1.10634,
-0.621973,-0.645256,
-2.0334,-2.58688,
-1.98671,-2.83648,
0.0473165,-0.137167,
-0.469351,-1.33496,
0.492613,0.45144,
1.40026,1.86796,
2.063,4.02876,
0.43478,0.167984,
1.19437,1.74266,
2.95163,4.31777,
1.17645,1.11839,
1.85681,2.54055,
1.4204,2.36871,
0.382214,0.767132,
0.590483,0.75128,
1.04667,1.31922,
1.90069,3.08019,
0.994695,0.8281,
0.215987,0.728421,
0.211231,-0.780153,
-0.417509,-0.90806,
-1.5772,-2.79233,
-0.901735,-1.33312,
-0.0784476,-0.569593,
-2.37701,-2.86121,
-2.40712,-3.68103,
0.436851,-0.0225455,
-0.747,-1.70996,
-0.0551408,0.557275,
0.520549,0.251995,
1.41982,2.28136,
1.39986,1.80609,
1.06651,1.11918,
3.21792,3.69372,
1.01727,0.838173,
1.7374,2.04331,
1.83913,3.43971,
0.399859,0.382897,
0.349328,0.357362,
0.899207,1.19906,
2.15254,3.5549,
1.05793,1.16567,
-0.125879,0.333762,
-0.901465,-0.750668,
-2.92957,-5.45626,
0.17959,-0.0882826,
-0.888837,-1.53821,
-1.30274,-2.03205,
-1.70183,-2.49732,
-1.46928,-1.76777,
-0.884838,-1.20957,
0.256108,-0.0165183,
0.978352,0.79987,
2.99346,5.08506,
0.235707,0.402388,
0.245879,0.41625,
1.43343,1.6806,
3.18115,4.81954,
0.585789,0.681331,
1.40935,1.68384,
1.88672,3.98932,
0.701085,0.13514,
0.253026,0.181192,
1.29806,1.81143,
2.15176,3.38213,
0.772471,0.861725,
-0.339205,0.382782,
-1.85782,-1.90759,
-3.4559,-6.31716,
0.514816,-0.265324,
-0.666094,-1.25005,
-0.985094,-1.2564,
-2.26619,-3.29504,
-1.39616,-1.47749,
-0.373613,-0.434587,
-0.315002,-0.932233,
0.925674,0.54053,
2.32149,3.93904,
1.09374,1.26196,
0.489593,1.01352,
1.7626,3.27168,
2.02672,1.96293,
3.13542,3.32613,
1.46751,1.49275,
0.14755,0.684428,
0.233283,0.768505,
-0.368568,-0.600673,
-0.113484,-0.58775,
0.216043,0.198376,
-0.0703832,0.485635,
-1.58564,-1.62446,
-3.87723,-7.23966,
0.497232,-0.139306,
-0.95633,-1.42345,
-0.806808,-1.73328,
-0.511561,-1.17921,
-2.33706,-3.16294,
-1.89406,-2.5877,
0.331598,0.0925993,
-0.935018,-1.96041,
-0.31341,0.00228587,
0.281533,-0.374755,
0.785333,1.18803,
1.17707,2.01628,
1.49536,1.9112,
2.33567,2.62262,
3.02597,3.7669,
2.14886,2.91776,
0.482267,0.801092,
0.0237519,0.698942,
-0.147623,-0.535639,
0.109752,-0.0332485,
0.895778,1.14259,
1.20716,2.87158,
1.02682,1.15388,
1.74343,-0.656338,
0.264807,-0.541554,
0.0397106,-0.417653,
-0.101616,-0.205467,
-0.492363,-0.364502,
-2.011,-2.84119,
-2.11464,-3.20808,
0.31239,-0.0144678,
-0.653819,-1.56133,
0.239302,0.319322,
0.949208,1.10103,
2.25031,4.35002,
0.717264,0.441975,
0.784757,1.15466,
3.41567,5.02316,
0.541731,0.724891,
1.30829,1.35675,
2.33684,4.5692,
0.609718,-0.373595,
-0.110371,0.0668719,
0.802268,0.96919,
1.48541,1.99387,
1.55546,2.59554,
0.868494,0.419528,
1.31301,-0.82603,
1.19087,-1.28825,
0.429911,0.179455,
0.991382,1.45225,
1.10479,1.69467,
0.949744,1.15864,
1.07986,-0.402957,
0.850705,0.226061,
1.00137,1.00587,
3.44119,5.07189,
0.263619,0.486937,
0.445758,0.721165,
0.644826,1.32367,
1.47913,1.82327,
3.26079,4.7927,
0.930938,0.839381,
1.72069,2.03212,
1.72015,3.42323,
0.441612,0.197921,
0.369001,0.20032,
0.988892,1.28918,
1.95363,3.48692,
1.00049,0.81038,
0.151809,0.662224,
-0.077883,-0.612515,
-1.08968,-1.26781,
-2.14653,-4.47807,
0.487006,-0.308895,
-1.73139,-2.5645,
-2.00525,-2.29567,
-0.850046,-0.740801,
-1.27972,-1.27863,
-0.218177,-0.59689,
0.475931,-0.648941,
1.80371,2.52808,
1.90978,3.01505,
0.275541,0.414179,
1.43629,1.72052,
2.75038,3.45298,
1.88659,1.93361,
2.32253,3.19492,
0.629111,1.14309,
-0.136747,0.395294,
-0.277903,-0.821384,
-0.0855861,-0.399742,
0.40725,0.412278,
0.379891,1.16574,
-0.570373,-0.0150196,
-2.64091,-3.40945,
-1.88548,-2.42555,
0.465017,0.313536,
-1.44448,-2.53387,
-1.11723,-1.04829,
-1.16302,-1.30748,
-2.58119,-3.25355,
-0.195811,-0.237721,
0.00490731,-0.84667,
1.38692,1.42221,
3.02358,5.95075,
0.341961,0.251074,
-0.138302,-0.322188,
0.636029,0.655286,
2.36649,2.91312,
2.85667,3.54118,
1.64802,2.03743,
0.621216,1.33149,
0.753669,1.95159,
0.851592,0.695363,
1.46935,2.41704,
1.94522,2.58036,
0.84026,1.13881,
-0.144727,0.730053,
-1.08861,-0.913092,
-3.25291,-6.38348,
0.434607,-0.0483818,
-0.61124,-1.27444,
-0.458358,-0.330851,
-1.9525,-2.48916,
-2.32978,-3.62952,
0.17101,-0.0749909,
-0.636766,-1.5414,
0.199678,0.239539,
0.90221,0.882134,
1.80132,3.62052,
0.947977,0.611548,
1.07713,1.7126,
3.20713,4.64102,
0.664852,0.67986,
1.53741,2.08527,
2.0833,4.17993,
0.55571,0.11236,
0.108249,0.0837014,
0.846111,1.26672,
1.68774,2.15023,
1.48715,2.20146,
0.551006,0.608059,
0.94001,-0.710284,
0.937319,-1.8477,
0.598332,0.049931,
1.16726,2.36548,
1.14988,1.65004,
1.02218,1.04409,
1.31532,-0.386355,
0.535485,-0.0156131,
1.32149,1.59347,
3.09685,4.92146,
0.597736,0.707343,
0.883369,1.37196,
1.59006,3.19088,
0.987772,0.940406,
2.87955,3.72458,
1.67619,1.54906,
2.35299,3.20824,
0.807353,1.39377,
-0.141666,0.252341,
-0.285082,-0.58943,
-0.126182,-0.578558,
0.587769,0.592476,
0.610091,1.46205,
0.161133,0.887624,
-0.354777,-0.524683,
-1.81176,-2.23572,
-1.83855,-3.42591,
0.983031,0.537547,
-1.54639,-3.01406,
-2.07232,-2.80561,
-1.19135,-0.980364,
-1.06715,-0.982894,
-0.13692,-0.302294,
0.5915,-0.287993,
2.20541,2.99151,
1.52385,2.13125,
0.0862331,0.445451,
1.84426,2.18164,
2.27132,2.55758,
2.80053,3.33532,
1.91125,2.52387,
0.596722,1.06598,
0.385155,1.33481,
0.434027,0.0337397,
1.02214,1.61908,
1.89661,2.77106,
1.08976,1.14254,
0.131849,0.802482,
-0.0839375,-0.652065,
-1.1749,-1.40978,
-2.31069,-4.84168,
0.600555,-0.340827,
-1.71965,-2.43712,
-2.15481,-2.80034,
-0.271729,-0.151835,
-1.77229,-2.02333,
-0.884251,-1.24482,
0.504955,-0.714733,
0.997811,1.03565,
2.4178,4.62714,
0.389258,0.253599,
1.17313,1.7542,
2.89953,4.28591,
1.0799,1.08151,
2.13897,2.63757,
1.49192,2.57466,
0.0965483,0.486994,
0.216567,0.288377,
0.208692,-0.0670457,
1.21367,1.74778,
1.49289,2.32706,
0.91362,0.862762,
1.19661,-0.085204,
1.09307,-1.39155,
0.689656,0.211909,
0.96828,1.17475,
1.35203,2.46753,
1.07758,0.969227,
1.11243,0.307571,
0.622123,-0.00381624,
1.35463,1.64315,
3.22956,5.26811,
0.5055,0.554936,
0.75939,1.22075,
1.55646,3.00203,
1.16608,1.2524,
2.73705,3.27625,
2.00657,2.03414,
2.52773,3.44638,
0.626447,1.00916,
-0.368726,0.0531182,
-0.933987,-1.68822,
-0.608271,-1.27309,
0.11604,-0.675599,
-0.148863,-0.149047,
-1.65625,-1.61772,
-3.80165,-6.92055,
0.330147,-0.0308545,
-0.892738,-1.01746,
-1.10165,-2.33359,
-0.410796,-1.00283,
-1.87529,-2.93669,
-2.31819,-3.63347,
0.0701101,-0.159422,
-0.482089,-1.2903,
0.582839,0.420311,
1.5843,2.2599,
2.054,3.73146,
0.28376,0.248558,
1.46954,1.9931,
2.87165,3.70308,
1.61587,1.67465,
2.31259,2.63284,
1.09814,1.89094,
-0.0810599,0.410404,
-0.231494,-0.133388,
-0.163697,-0.74593,
0.615167,0.655024,
0.627665,1.46845,
0.174423,1.03258,
-0.278471,-0.521697,
-1.67439,-2.02223,
-2.2797,-4.7091,
1.14471,-0.152998,
-1.49705,-2.8474,
-1.35442,-1.38221,
-1.69046,-1.78477,
-1.10385,-1.5681,
0.365862,0.0805872,
1.0728,0.926911,
3.47324,5.57435,
0.0615443,0.186947,
-0.148691,-0.252479,
0.35171,0.208968,
2.15599,2.56499,
3.76152,5.45926,
1.4321,0.310186,
0.606308,0.955208,
0.77404,1.93318,
0.833136,0.543511,
1.48907,2.70369,
1.85306,2.27955,
1.00346,1.50381,
0.0484141,0.983792,
-0.44845,-0.507456,
-2.17674,-3.14906,
-1.63899,-2.63328,
1.04717,0.985528,
-1.04483,-1.82854,
-1.47106,-1.62054,
-2.24388,-3.30849,
-0.418822,-0.42363,
-0.136413,-0.793816,
1.01078,0.827762,
2.88389,4.95084,
0.680339,0.79186,
-0.00763706,0.103889,
1.15665,1.56508,
2.61866,2.78672,
2.04817,2.10349,
2.67373,3.59723,
0.73539,1.03991,
-0.422267,-0.314266,
-0.778205,-1.44882,
-0.626178,-1.14013,
0.0479971,-0.597095,
-0.225717,-0.309476,
-1.82003,-1.95771,
-3.61982,-6.37614,
0.0117443,0.103413,
-0.809399,-1.12875,
-1.22457,-2.34482,
-0.545008,-1.09022,
-2.14921,-2.99472,
-1.89763,-2.6599,
-0.0289978,-0.238953,
-0.53082,-1.28683,
0.458707,0.235924,
1.41637,1.91989,
2.42124,4.87544,
0.236011,0.157186,
1.02898,1.51322,
2.64446,3.50404,
1.48441,1.52758,
2.25342,3.09418,
0.917359,1.58613,
-0.0637279,0.359531,
-0.198944,-0.30712,
-0.333192,-0.74487,
0.363673,-0.000224582,
0.440238,0.953353,
-0.304203,0.449621,
-2.0776,-2.37418,
-3.63854,-6.12474,
-0.00152256,0.342575,
0.172459,-0.576177,
-0.164881,0.0271246,
-1.21356,-1.27922,
-2.81403,-4.96795,
0.274584,-0.0185487,
-0.551657,-1.40926,
0.574754,0.460885,
1.52582,2.22771,
2.23035,4.19419,
0.227951,0.170174,
1.11014,1.7969,
2.53253,2.4088,
2.22477,2.55065,
2.0389,2.76079,
0.616304,1.15081,
0.334288,1.1222,
0.280804,0.371409,
0.733844,0.660948,
2.2362,3.43126,
1.13547,1.26959,
-0.185328,0.146352,
-1.24243,-1.03251,
-3.43924,-6.75965,
0.657189,-0.161603,
-1.11231,-1.89457,
-1.03369,-1.32738,
-1.31381,-1.86554,
-2.40963,-3.29484,
-0.1665,-0.163913,
-0.498303,-1.29189,
0.626288,0.219538,
1.73984,2.70784,
2.08853,3.66524,
0.246018,0.26337,
0.968387,1.10431,
2.58395,2.90532,
1.97263,2.09779,
2.51726,3.02083,
1.0059,1.64338,
-0.243964,0.148515,
-0.280356,-0.464002,
-0.39146,-0.875157,
0.280645,-0.208097,
0.108255,0.520792,
-0.876606,-0.689165,
-3.36223,-5.69965,
-0.0431621,-0.212061,
-1.01905,-1.00637,
-1.42349,-2.64882,
-0.181584,-0.603082,
-2.10088,-2.54429,
-2.11029,-3.10232,
0.0472605,-0.0806125,
-0.881776,-1.67384,
-0.253647,-0.281385,
0.281192,-0.306228,
0.950555,1.41944,
1.27167,1.96363,
1.37547,1.6003,
2.41821,3.24594,
1.97911,2.18659,
2.74501,3.54998,
0.824823,1.16035,
-0.374581,-0.325773,
-0.553482,-0.916785,
-0.375103,-0.92003,
0.224078,-0.230984,
0.04524,0.412625,
-1.16424,-1.00927,
-3.74207,-6.89935,
0.503783,-0.0420222,
-1.0854,-1.34213,
-1.26055,-2.35631,
-0.287026,-0.733926,
-2.07298,-2.87462,
-2.22631,-3.30622,
0.0184248,-0.136793,
-0.692205,-1.4616,
0.185351,-0.0356555,
0.88672,0.857351,
2.29953,4.21661,
0.605993,0.33403,
1.06223,1.51094,
3.14139,5.29503,
0.426414,0.664788,
1.44437,1.50225,
2.30811,4.71463,
0.514299,-0.111746,
-0.156735,-0.024427,
0.169125,-0.121521,
0.75005,1.01489,
1.33648,2.40515,
1.06526,1.52925,
1.38338,0.190766,
1.21074,-1.12257,
0.400868,-0.0321596,
0.94047,1.11916,
1.07734,2.00217,
0.9982,1.14641,
1.07674,0.530067,
0.802605,0.196997,
1.0365,1.14657,
2.82719,4.63629,
0.841101,0.963517,
1.29745,2.41342,
1.59532,2.92382,
0.594637,0.587595,
2.78304,4.37193,
1.21942,1.22197,
2.18589,2.94754,
1.31375,2.10092,
0.15761,0.66423,
0.450853,0.638107,
0.651833,0.521342,
2.00656,3.15037,
1.23073,1.38778,
0.0595306,0.662668,
-0.420415,-0.481626,
-2.12826,-2.97032,
-2.03893,-3.57716,
1.18805,0.595061,
-1.2436,-2.28263,
-1.43238,-1.52476,
-2.26723,-3.0174,
-0.617165,-0.703563,
0.201186,-0.341187,
1.22446,1.20175,
3.43413,6.09308,
0.206366,0.226028,
-0.264611,-0.403115,
0.165496,-0.0124389,
1.4542,1.64323,
3.91326,7.02489,
0.409181,-0.0210859,
0.235148,0.417667,
0.010264,0.78621,
-0.605344,-0.9597,
-0.416626,-1.22881,
0.191073,-0.388965,
0.212285,0.491918,
-0.647694,-0.129921,
-3.33979,-5.22305,
-1.15849,-1.28647,
-0.179945,-0.37987,
-0.96021,-1.72876,
-0.695575,-1.10786,
-2.04457,-2.81234,
-1.80865,-2.48798,
-0.101475,-0.21674,
-0.715742,-1.35872,
0.140148,-0.237257,
0.92394,0.783901,
2.20069,4.18685,
0.613275,0.274263,
0.964896,1.53756,
2.78871,4.03857,
1.38638,1.33107,
2.33458,3.11362,
1.22125,1.86441,
-0.014491,0.566045,
0.00848736,0.171901,
-0.127653,-0.473317,
0.595858,0.667348,
0.760297,1.52588,
0.350587,1.58419,
0.297659,-0.545068,
0.0367266,-1.02783,
-0.836562,-1.15244,
-0.979214,-1.89387,
-0.57335,-1.17779,
-1.75094,-2.59524,
-1.98415,-2.89055,
-0.417506,-0.400156,
-0.578417,-1.16724,
0.435191,-0.201294,
1.40502,1.93695,
2.4653,4.92466,
0.23681,-0.0726861,
0.587696,0.820667,
2.41705,3.06953,
2.68199,2.86223,
2.39349,3.2748,
0.759777,0.747185,
0.109803,0.52006,
0.204214,0.28151,
0.22007,0.309022,
1.1511,1.51059,
1.54041,2.88128,
0.982986,0.681978,
1.19553,0.186393,
1.19292,-1.67959,
0.692372,-0.0717841,
0.803856,0.815571,
1.22177,2.77708,
1.04746,1.25729,
1.17472,0.125098,
0.95764,-0.0481296,
0.528783,0.819759,
3.15371,4.21773,
0.614384,1.05551,
0.920602,1.38722,
1.85326,3.61089,
0.833019,0.518945,
2.48382,3.57476,
2.22125,2.28026,
2.63159,3.59658,
0.757045,1.03265,
-0.267344,-0.120657,
-0.493176,-0.774128,
-0.391108,-0.976709,
0.164267,-0.260921,
0.284294,0.527478,
-0.64807,0.138395,
-3.02558,-4.89392,
-1.2377,-1.3172,
-0.556213,-0.349804,
-1.17393,-1.58895,
-0.743407,-1.22431,
-1.65628,-2.29777,
-2.36464,-3.69963,
-0.243459,-0.296889,
-0.557183,-1.2236,
0.607318,-0.00821834,
1.66146,2.49169,
2.19714,4.12386,
0.091366,0.2668,
1.23029,1.84686,
2.20483,1.72163,
2.51381,3.17661,
2.27807,2.93986,
1.15125,1.75932,
0.187167,0.79213,
0.45872,0.67788,
0.803807,0.788556,
2.23875,3.77453,
0.982256,1.05247,
-0.259712,0.275719,
-1.73391,-1.60245,
-3.74926,-7.08553,
0.574514,-0.328081,
-0.721911,-1.50991,
-0.560025,-0.742678,
-1.60362,-2.18685,
-2.33877,-3.78373,
-0.0610224,-0.180957,
-0.795125,-1.44129,
0.220703,-0.38736,
0.834623,0.635389,
2.31991,4.12773,
0.72052,0.504082,
0.610099,0.943315,
2.99092,3.95741,
1.02652,1.09251,
2.02838,2.67801,
1.70626,3.0865,
0.190398,0.41171,
0.241896,-0.0452121,
0.32888,0.381555,
1.27804,1.82406,
1.48746,2.65392,
0.930681,0.636164,
1.31366,-0.191783,
1.39711,-1.87295,
0.0335647,0.00489901,
0.631396,0.494926,
0.523164,0.765092,
0.311966,1.37381,
-0.284151,-0.352281,
-1.58155,-2.0488,
-0.975792,-1.82896,
0.413671,-0.516443,
0.858955,0.545391,
2.50613,4.51972,
0.546998,0.450687,
0.544199,0.819916,
2.49703,3.52833,
1.97058,1.78324,
2.93084,3.79739,
0.960503,1.11725,
-0.557133,-0.50441,
-0.778756,-1.42142,
-0.542941,-1.01762,
-0.0257534,-0.731881,
-0.0458658,-0.157086,
-1.13761,-0.713037,
-3.74927,-6.58091,
0.239415,-0.150148,
-0.915305,-0.868879,
-1.27422,-2.39804,
-0.467735,-0.944983,
-1.71184,-2.6171,
-2.15886,-3.24211,
-0.100393,-0.184166,
-0.87268,-1.54328,
-0.0299061,-0.577307,
0.546282,0.195867,
1.72162,2.6188,
1.35566,1.79169,
0.743739,1.03137,
3.21187,4.23509,
0.394236,0.82722,
1.19078,1.26141,
2.85255,5.05725,
0.583793,-0.541395,
-0.730824,-0.750741,
-0.424293,-1.29109,
0.0705679,-0.610904,
0.179898,0.3249,
-0.785888,-0.182918,
-3.42373,-5.5985,
-0.509052,-0.580958,
-0.689593,-0.863029,
-1.02771,-1.84,
-0.601068,-1.20927,
-1.55898,-2.3738,
-2.25479,-3.38891,
-0.551245,-0.546083,
-0.195703,-0.751159,
0.828525,0.511943,
2.49066,3.64503,
1.20089,1.4455,
0.410072,0.856726,
1.88284,3.46623,
1.69287,1.89663,
2.88642,3.05846,
1.73591,2.12461,
1.07301,1.64606,
0.623381,1.71492,
0.741421,0.659369,
1.18493,1.73324,
1.93645,2.66041,
1.23954,1.76781,
0.112046,0.799096,
-0.304246,-0.409586,
-1.86516,-2.41884,
-2.45712,-4.66455,
1.20613,-0.44261,
-1.63485,-3.04467,
-1.31165,-1.3148,
-1.70238,-1.35995,
-1.42134,-1.91974,
0.269373,0.158064,
0.362078,-0.463255,
2.461,3.06716,
1.52319,1.76257,
0.1078,0.438698,
1.7024,2.11424,
2.10286,2.29555,
2.66845,3.26387,
2.0472,2.66276,
1.22603,1.78021,
0.357263,1.05035,
0.583015,0.830354,
0.836338,0.949789,
1.84724,2.98978,
1.32407,1.56947,
0.316768,0.862087,
-0.0108324,-0.0240591,
-0.7482,-1.03255,
-2.31449,-4.13667,
-0.223886,-0.44598,
-0.520282,-0.880704,
-1.53242,-1.99518,
-2.41195,-3.94823,
-0.231553,-0.211322,
-0.593113,-1.3596,
0.458853,-0.0693664,
1.32703,1.85463,
2.65198,5.09778,
0.343917,0.156491,
0.443685,0.487912,
2.3598,2.89581,
2.34123,2.27514,
2.69709,3.54458,
1.09025,1.45254,
-0.180464,0.238053,
0.000645645,-0.0368486,
-0.131397,-0.45578,
0.832908,0.802746,
1.43177,2.39424,
1.08934,1.84297,
1.30556,0.572764,
1.31529,-1.70413,
0.137298,-0.0362098,
0.836181,0.647135,
0.993837,1.5397,
0.944396,2.05723,
1.06735,0.674949,
0.907714,-0.251858,
0.733173,0.895382,
2.9561,4.56887,
0.899899,0.9681,
1.13182,2.11037,
1.68334,3.08735,
0.88916,0.522958,
2.64968,3.5851,
1.45371,1.41439,
2.67365,3.58588,
1.16401,1.60529,
-0.126901,0.367148,
0.116427,0.196338,
-0.232449,-0.462304,
0.365011,0.244264,
0.348423,0.901615,
-0.39722,0.240597,
-2.5526,-3.46436,
-2.89352,-4.12558,
0.196141,0.11536,
-1.00365,-1.71397,
-0.820032,-1.17191,
-1.51716,-2.21394,
-2.56451,-4.1814,
-0.218244,-0.260799,
-0.353369,-1.14744,
0.816837,0.488177,
2.35215,3.62384,
1.52047,2.04892,
0.225361,0.619004,
1.44096,2.03784,
1.8658,1.67417,
3.05641,3.82071,
2.09042,2.56052,
1.13696,1.55781,
0.334733,0.980265,
0.479297,0.958414,
0.594509,0.203078,
1.92274,3.05965,
1.38925,1.60722,
0.263624,0.697755,
-0.228999,-0.101751,
-1.34343,-1.4538,
-2.53122,-5.42525,
0.73147,-0.341464,
-1.45491,-2.14363,
-1.7698,-2.11973,
-1.19755,-1.24092,
-1.67137,-1.75131,
-0.166635,-0.49861,
0.517318,-0.216115,
2.27455,2.9461,
2.0878,2.91621,
0.197875,0.372631,
1.24015,1.82061,
2.21718,2.09763,
2.22107,2.66892,
2.52578,3.17958,
1.20422,1.72681,
-0.125754,0.446551,
-0.0559694,0.00680333,
-0.178166,-0.550247,
0.562509,0.548715,
1.02347,1.74938,
0.847271,2.22843,
1.20166,0.197608,
1.35725,-2.07237,
0.630284,-0.261102,
0.633282,0.524737,
1.14538,2.6429,
1.03441,1.44166,
1.08823,0.908475,
1.03538,-0.310647,
0.379124,0.736143,
2.86409,3.96997,
1.03245,1.43552,
0.891909,1.83307,
1.45458,3.34347,
0.964213,0.915053,
2.54445,3.83397,
1.74357,1.80494,
2.76809,3.32012,
1.07845,1.54016,
-0.434594,-0.0443812,
-0.912443,-1.10583,
-0.92655,-1.85204,
-0.0739039,-0.793472,
-0.149993,-0.902453,
-0.786497,-0.378763,
-3.09214,-4.65806,
-0.720054,-0.679843,
-0.924461,-0.436297,
-1.13003,-2.26794,
-0.354289,-0.955099,
-2.07343,-3.13932,
-2.07742,-3.17886,
0.0219665,-0.0665704,
-1.22806,-1.95405,
-0.686238,-0.769867,
0.0650347,-1.15252,
0.546763,0.448899,
1.10318,1.96318,
1.52049,1.93101,
1.57755,1.30117,
3.62135,3.8363,
0.997702,0.52003,
0.84799,1.09713,
1.14929,3.05467,
1.0041,0.851801,
0.931235,1.13992,
1.98939,3.94743,
1.11517,1.11182,
0.0358382,0.77315,
-0.665848,-0.391189,
-2.74261,-4.25173,
-1.28108,-1.70729,
0.766872,0.501247,
-1.19326,-2.3217,
-1.78167,-2.2793,
-1.53038,-1.82282,
-0.998313,-1.22857,
-0.253615,-0.529242,
0.733819,0.0223909,
2.48145,3.72318,
1.65605,2.10029,
0.156614,0.429804,
1.32768,1.1822,
2.39752,2.52281,
2.12962,2.45588,
2.49227,3.29535,
0.841327,1.37419,
-0.00100326,0.326724,
-0.0294809,0.0434032,
-0.0816911,-0.387511,
0.930556,0.961372,
1.42217,2.86242,
1.08775,1.44708,
1.09867,0.726404,
1.73864,-1.45838,
-0.0467727,-0.0891666,
0.291554,-0.0281426,
0.00406048,0.0816473,
-0.900378,-0.554864,
-3.2153,-5.4119,
-0.00504399,-0.118856,
-0.410559,-1.24421,
0.680486,0.429382,
2.18024,2.74994,
2.02967,3.14504,
0.113546,0.364857,
0.914257,0.873887,
2.06774,2.07917,
2.85412,3.63308,
1.99548,2.47964,
1.21533,1.97748,
0.364624,1.00415,
0.448204,0.846576,
0.554208,0.129277,
1.98606,2.97065,
1.56806,1.86157,
0.206102,0.715044,
-0.44793,-0.32995,
-2.10985,-2.73701,
-2.30041,-3.89825,
1.07622,0.0317125,
-1.56655,-2.8821,
-1.47087,-1.63827,
-1.49953,-1.48022,
-1.40671,-1.73806,
-0.0610912,-0.219421,
0.362923,-0.300621,
2.21198,2.68625,
2.20561,3.37564,
0.0666335,0.257975,
0.994222,1.33032,
1.90621,1.76342,
3.00058,3.97446,
1.79591,2.11744,
1.03266,1.5622,
0.594055,1.56227,
0.69751,0.791676,
1.00852,0.820628,
2.13047,3.41163,
1.01986,1.10603,
-0.0200392,0.477428,
-1.07496,-0.543905,
-3.5705,-6.90606,
0.114435,-0.0477576,
-0.226872,-1.00637,
-0.40443,-0.389138,
-1.66753,-2.16453,
-2.41166,-4.0233,
0.0504052,-0.0187286,
-1.49947,-2.16586,
-1.04196,-0.765734,
0.166724,-1.19628,
0.271302,-0.134564,
0.824162,1.55093,
1.28999,1.7173,
2.19608,2.77504,
2.67845,3.36884,
2.67116,3.53418,
1.39197,1.81521,
-0.262634,0.0265815,
-0.256453,-0.175248,
-0.805987,-1.58182,
-0.191539,-0.88085,
0.0331715,-0.509679,
-0.864575,-0.504557,
-3.45211,-5.3742,
-0.409312,-0.476103,
-0.753787,-0.885495,
-1.0987,-2.20134,
-0.393615,-1.03985,
-1.68594,-2.68911,
-2.70028,-4.40475,
-0.175366,-0.146783,
-0.803868,-1.52095,
0.138817,-0.601264,
0.805013,0.59996,
2.27708,3.9233,
0.804178,0.767187,
0.600473,0.963335,
2.57654,4.04395,
1.46382,1.38213,
2.89196,3.6435,
1.24742,1.53291,
-0.268501,0.220058,
-0.145795,-0.086832,
-0.374411,-0.927989,
0.274068,0.0202697,
0.497539,0.836659,
0.166152,1.20719,
-0.902817,-0.580249,
-3.30411,-5.3751,
-0.284706,-0.376964,
0.0472862,-0.768975,
-0.465926,-0.576572,
-1.51339,-1.90896,
-2.56967,-4.22946,
-0.255183,-0.209114,
-0.66933,-1.42416,
0.201192,-0.352975,
1.20271,1.15389,
2.84634,5.31059,
0.0939574,0.0895902,
0.364103,0.657861,
1.68102,1.94884,
3.78457,5.96058,
0.795628,0.144643,
0.802137,0.956155,
1.33983,3.04591,
1.11118,0.861283,
0.530893,0.988273,
2.2073,4.0941,
1.13133,1.35425,
-0.0505747,0.62405,
-1.11656,-0.407117,
-3.75203,-7.28697,
0.0723388,-0.106912,
-0.206762,-1.03907,
-0.158632,-0.224923,
-1.04929,-1.01625,
-2.84322,-4.60176,
-0.20683,-0.238429,
-0.515446,-1.27266,
0.69016,-0.0154793,
1.93001,2.90668,
2.34571,3.70732,
0.231173,0.27663,
0.897562,1.58168,
1.98908,2.268,
2.58105,3.03207,
2.43768,3.17631,
1.4191,2.11434,
-0.0398914,0.422724,
-0.0880292,0.0761194,
-0.600728,-1.13382,
0.105344,-0.509067,
0.135797,0.12889,
-0.664029,-0.136637,
-3.04571,-4.64042,
-1.08843,-1.11795,
-0.854864,-0.356377,
-1.1062,-1.70542,
-0.426926,-1.00688,
-1.60787,-2.6039,
-2.27934,-3.48387,
-0.173776,-0.156416,
-1.07324,-1.74195,
-0.316943,-0.87353,
0.264395,-0.595924,
1.19121,1.70435,
1.62898,3.19156,
0.81757,0.540035,
2.18556,3.56598,
2.14548,2.30147,
2.77921,3.41491,
1.35839,1.89368,
-0.2747,0.363056,
-0.215628,-0.180923,
-0.59497,-1.2725,
-0.0185824,-0.609404,
0.104163,-0.0514899,
-0.727227,-0.132615,
-3.07989,-4.81746,
-0.70586,-0.716129,
-0.848621,-0.93063,
-1.08909,-2.09697,
-0.414731,-1.01367,
-1.47219,-2.42129,
-2.41554,-3.36007,
-0.540909,-0.539475,
-0.206952,-0.727133,
0.733966,0.343488,
2.64223,3.64953,
1.44312,1.82511,
0.0955057,0.400447,
1.18501,1.75823,
1.53149,1.34519,
3.49143,4.58122,
0.829177,0.535004,
0.850705,1.22249,
1.25621,3.1242,
1.04401,0.864488,
0.783517,1.04589,
2.3778,4.32332,
1.00248,1.11715,
-0.168408,0.420539,
-1.50137,-0.994094,
-4.01302,-8.20424,
0.283833,0.0252499,
-0.211998,-1.09305,
-0.222953,-0.0332978,
-1.37184,-1.65443,
-2.5651,-4.26284,
0.108604,-0.0216816,
-1.32242,-1.95272,
-0.784322,-1.01026,
0.122892,-1.1156,
0.540757,0.363661,
1.33748,2.14997,
1.42743,1.80476,
1.22473,1.15088,
3.92772,3.95837,
0.205265,0.16711,
0.636837,0.24523,
1.17761,2.39752,
1.10832,1.24911,
1.00487,1.13714,
2.17872,4.02574,
1.13189,1.31413,
-0.0781206,0.620206,
-1.11873,-0.607475,
-3.65927,-7.12645,
0.251634,-0.0209809,
-0.594488,-1.3072,
-0.693831,-1.17967,
-1.52911,-2.0288,
-2.4712,-4.12705,
-0.293866,-0.277671,
-0.735813,-1.36826,
0.131437,-0.614883,
0.925827,0.761579,
2.63838,4.6335,
0.581346,0.598598,
0.481067,0.619655,
2.3912,3.13254,
1.61639,1.66777,
2.81337,3.59398,
0.917571,1.17039,
-0.164908,0.302088,
-0.185011,-0.277021,
-0.370043,-0.828875,
0.417099,0.0212368,
0.87812,1.32061,
0.671836,2.20596,
0.767063,0.0392062,
1.48498,-1.79421,
0.496453,-0.767139,
0.524703,0.39298,
0.959327,1.58185,
0.897927,1.75993,
0.948791,0.740931,
0.913854,-0.294863,
0.719192,0.755186,
2.80347,4.46368,
0.990304,1.0769,
1.43313,2.43679,
1.7014,2.91,
0.616408,0.417086,
2.11383,3.31196,
2.27637,2.43682,
2.59488,3.21498,
1.4928,2.08981,
0.109253,0.573987,
0.250312,0.56769,
-0.130266,-0.414365,
0.835873,0.77476,
1.26086,2.27033,
1.00817,1.98148,
1.27565,0.323281,
1.82665,-1.50945,
-0.085267,-0.0723431,
0.0833388,-0.621212,
-0.161583,-0.0697263,
-0.86658,-0.82674,
-2.52165,-3.96572,
-0.731434,-0.747483,
-0.196837,-0.670171,
0.585559,0.00615182,
2.42812,3.21207,
2.06637,2.71185,
0.352854,0.503871,
1.00904,1.91131,
1.84117,1.87922,
2.78379,3.65723,
1.81936,2.29059,
1.57154,2.08039,
0.720904,1.499,
0.548774,1.27546,
0.72008,0.13249,
1.86567,3.20854,
1.63059,1.95927,
0.309463,0.897917,
-0.178755,-0.195415,
-1.40222,-1.61254,
-3.0716,-6.50287,
0.802143,-0.573345,
-1.14769,-1.8235,
-1.10214,-1.01135,
-1.90834,-2.20179,
-1.52174,-1.95087,
0.183608,-0.0588162,
0.322572,-0.449067,
2.41072,3.03974,
2.07486,2.67334,
0.192771,0.392961,
1.19824,1.93874,
2.0336,1.62051,
2.83677,3.77029,
2.16034,2.88195,
1.36378,1.79982,
0.253573,0.787753,
0.254621,0.541697,
-0.0270215,-0.304044,
0.839618,0.878979,
1.34914,2.4578,
1.17527,1.82941,
1.048,0.974358,
1.72973,-1.4196,
0.253676,-0.347266,
0.198582,-0.305021,
0.451213,0.776397,
0.000271157,0.742535,
-1.10744,-1.29889,
-2.92967,-5.60945,
0.339071,-0.14941,
0.695708,-0.13091,
3.1367,4.43173,
0.424454,0.849294,
0.363619,0.817393,
1.12007,1.84216,
2.15284,2.38842,
1.97935,2.17353,
2.99068,3.65413,
1.26641,1.48325,
-0.435837,-0.0331443,
-0.639206,-0.681299,
-1.06771,-1.91394,
-0.369707,-0.96009,
-0.0605435,-0.892938,
-0.738741,-0.494528,
-2.97076,-4.42373,
-0.863445,-0.83377,
-0.876892,-0.576957,
-1.31693,-2.22786,
-0.501866,-0.904635,
-1.54895,-2.39875,
-2.28557,-3.61839,
-0.406242,-0.228575,
-1.12875,-1.54446,
-0.306053,-0.965897,
0.365335,-0.65471,
1.38413,1.97081,
1.8352,3.31086,
0.52238,0.274124,
1.99611,2.94038,
2.47612,2.70028,
2.38369,3.0771,
1.34755,1.99517,
0.19255,0.657616,
0.453778,0.773844,
0.307169,0.138913,
1.29202,1.93873,
1.87852,2.91842,
0.802279,0.7208,
0.333571,0.196947,
0.685794,-1.34598,
0.263811,-0.97866,
0.272426,-0.189348,
0.607531,1.02915,
0.516349,1.36164,
0.0709048,0.363812,
-0.619608,-0.776109,
-1.28027,-2.82926,
-0.309991,-0.973036,
0.30774,-0.90561,
1.16357,1.59795,
1.7447,3.15244,
0.884972,0.420036,
1.81514,2.65992,
3.13944,4.39482,
1.33812,1.25972,
1.38491,1.83399,
1.33961,2.40132,
0.809631,0.917442,
0.760121,0.983127,
1.74032,3.76274,
1.46652,1.70611,
0.480767,0.909834,
0.108539,0.382864,
-0.333885,-0.875413,
-1.79623,-2.24214,
-1.26197,-1.73032,
0.386998,0.330162,
-1.95245,-3.28457,
-2.74094,-3.89589,
0.178342,-0.0395217,
-1.35362,-1.91319,
-0.757541,-1.25695,
0.0506049,-1.26322,
0.5553,0.38433,
1.2463,2.04333,
1.50239,1.88545,
1.37581,1.17115,
3.75937,3.87605,
0.636949,0.247595,
0.87145,0.887019,
1.26222,3.04734,
1.03247,0.87512,
0.845542,1.04611,
1.79248,3.27488,
1.50488,1.95136,
0.461626,0.817321,
-0.103556,0.57468,
-1.01891,-1.2395,
-2.86275,-5.62081,
0.393286,-0.262238,
-0.644609,-1.14309,
-0.913679,-0.744499,
-2.55464,-4.24594,
-0.723449,-0.744403,
-0.332939,-0.772695,
0.602851,0.0274995,
2.13569,3.03646,
2.17919,3.24605,
0.175463,0.277138,
1.14399,2.20723,
1.93063,1.58561,
2.90792,3.93744,
2.04669,2.50376,
1.53831,2.18516,
0.447846,0.932166,
0.609454,1.17984,
0.799914,0.510963,
1.88749,3.25742,
1.28494,1.3226,
0.393662,1.03102,
-0.206895,0.510135,
-1.16812,-1.35488,
-3.01143,-6.0036,
0.657136,-0.399125,
-1.11814,-1.7698,
-1.24462,-1.27905,
-2.04853,-2.59096,
-1.51848,-1.67667,
-0.104586,-0.335153,
0.309242,-0.428224,
1.89061,2.50479,
2.47045,4.08918,
0.125782,0.143356,
0.925427,1.52235,
1.9912,2.1843,
2.49508,2.99602,
2.1853,2.79169,
1.50446,2.19958,
0.410802,0.955044,
0.645916,1.06544,
0.854285,0.764451,
1.81707,3.13728,
1.3951,1.45855,
0.366323,1.22522,
-0.0522947,0.118224,
-0.745568,-1.07242,
-2.55095,-4.54779,
-0.179965,-0.356262,
-0.301656,-0.77943,
-1.06755,-0.976028,
-2.6718,-4.48842,
-0.0945494,-0.130861,
-1.14533,-1.74267,
-0.312221,-1.12767,
0.212661,-0.710333,
1.21432,1.7899,
1.71059,3.54784,
0.785794,0.416776,
1.53242,2.24176,
3.29806,4.63853,
1.28765,1.1369,
1.31677,1.68958,
1.34834,2.50818,
0.846526,0.792252,
0.800625,1.04133,
1.92763,3.88186,
1.57099,1.93894,
0.314764,0.821156,
-0.232691,0.15722,
-1.67483,-1.9281,
-3.16867,-6.40837,
0.849633,-0.724607,
-1.01533,-1.64715,
-0.881855,-0.723161,
-2.2766,-2.85455,
-1.34758,-1.61442,
0.367245,0.11763,
0.0867436,-0.787133,
1.9897,2.45571,
2.44481,3.4179,
0.323977,0.339074,
0.379921,0.799905,
1.72824,2.25,
3.47258,4.69761,
1.4966,1.17068,
1.68017,1.48327,
0.842577,1.71232,
0.483767,0.906848,
0.774265,0.368676,
1.74556,2.76774,
1.52451,1.74318,
0.462746,1.08829,
0.117596,0.249931,
-0.4694,-0.806615,
-2.11169,-3.13269,
-1.14279,-1.6982,
0.583206,0.554573,
-1.62151,-2.28537,
-3.09141,-4.53975,
0.307934,-0.0398883,
-1.5012,-1.90632,
-1.11606,-0.798759,
0.120732,-1.19141,
0.413578,-0.245831,
1.08014,1.99864,
1.25232,1.35601,
1.92859,2.64679,
2.42873,3.17476,
2.16413,2.7996,
1.4964,2.19835,
0.420621,0.990001,
0.630099,1.05661,
0.688919,0.66533,
1.67204,2.61661,
1.90796,2.9299,
0.487874,0.432222,
-0.112029,0.00819986,
-1.19152,-1.32131,
-3.0191,-6.28249,
0.801679,-0.57401,
-1.40732,-2.21277,
-1.44532,-1.60343,
-1.48933,-1.51807,
-1.65778,-2.09531,
-0.209722,-0.390193,
0.36082,-0.317753,
1.94566,2.51401,
2.75397,4.58631,
0.181932,0.0861142,
0.451627,0.803935,
1.69369,2.09071,
3.33379,4.94706,
0.691146,0.571452,
1.26797,1.68066,
1.49156,3.37893,
0.842758,0.715788,
0.645776,0.826067,
1.67579,3.69859,
1.68119,1.93816,
0.564837,1.23408,
-0.00946914,0.396187,
-0.442959,-1.11128,
-2.10827,-3.12587,
-1.30403,-2.09382,
0.735607,0.690265,
-1.51952,-2.64973,
-2.6909,-3.95577,
0.0434227,-0.0487761,
-1.44715,-2.00187,
-0.862757,-1.34269,
0.0880513,-1.13395,
0.533133,0.106756,
1.02534,1.9295,
1.2926,1.72993,
1.47797,1.73951,
2.92369,3.8377,
1.5892,1.59687,
1.81957,2.53913,
0.717048,1.4218,
0.393117,0.866511,
0.69191,0.855581,
1.53365,2.15012,
2.08925,3.08354,
0.578542,0.677545,
-0.300619,0.100115,
-1.68232,-1.77517,
-3.36758,-6.61908,
0.710431,-0.512071,
-0.949134,-1.56077,
-1.29394,-1.46923,
-2.06427,-3.01688,
-0.987386,-1.06078,
-0.579278,-0.73041,
0.359254,0.0472656,
1.44212,1.51498,
2.91143,5.55638,
0.0855938,-0.0431041,
0.306908,0.500888,
1.33768,1.6723,
3.55633,5.38752,
0.903764,0.515388,
1.17304,1.52597,
1.5787,3.21213,
0.860644,0.559324,
0.719927,1.09042,
2.08323,4.17731,
1.41652,1.62614,
0.243294,0.779217,
-0.426032,0.265676,
-2.24252,-2.91485,
-2.60539,-4.11013,
0.88239,-0.233776,
-1.47305,-2.50092,
-0.990812,-0.58287,
-2.12161,-2.1124,
-1.54534,-1.82714,
0.101263,-0.0204997,
-0.201754,-1.05651,
1.16744,1.05057,
2.54079,4.91553,
0.627132,0.585071,
0.309854,0.605029,
2.27478,2.80076,
2.24194,2.21779,
2.56371,3.12302,
1.71921,2.34733,
0.361293,0.796312,
0.275416,1.02734,
0.0205435,-0.504901,
0.913946,1.01981,
1.60795,3.04269,
1.13963,1.23984,
0.784228,0.610831,
1.36468,-1.22753,
1.06932,-0.926097,
0.351316,0.424978,
1.34209,2.50963,
1.17742,1.50347,
0.905958,0.881906,
0.97715,-0.282946,
0.666257,0.329198,
1.88952,3.38617,
2.62168,3.49803,
0.915383,1.17143,
0.980321,2.19939,
1.56931,3.23905,
1.02742,0.901853,
3.43243,3.41549,
0.431905,0.516525,
1.14037,1.11851,
1.62127,3.84904,
0.890409,0.613343,
0.563369,0.758604,
1.84388,3.80623,
1.52338,1.69524,
0.512652,1.03357,
-0.00226883,0.809152,
-0.869494,-0.951124,
-2.73763,-4.73309,
0.121364,-0.233617,
-0.402009,-0.833328,
-0.87836,-0.567249,
-2.71352,-4.4328,
-0.680213,-0.666169,
-0.607056,-0.988668,
0.0503536,-0.375995,
1.16411,0.983273,
2.81419,5.20897,
0.186735,0.230906,
0.484927,0.777734,
1.69888,2.25945,
3.15345,4.05043,
1.801,1.84683,
1.83597,2.08357,
0.678256,1.21803,
0.490311,1.38684,
0.723052,0.707708,
1.49793,2.42935,
1.73714,2.45877,
0.662896,0.678406,
0.242965,0.306793,
0.224486,-0.942253,
-0.414377,-0.995005,
-1.40479,-2.60714,
-0.918963,-1.33941,
-0.906484,-1.24353,
-2.64143,-3.86162,
-0.848984,-0.862407,
-0.164562,-0.49844,
0.107643,-0.524002,
1.48627,1.63261,
2.88062,5.36717,
0.282546,0.250851,
0.271836,0.403997,
1.53589,1.83499,
3.14672,4.2403,
1.18393,1.17292,
1.46135,1.91832,
1.51202,2.76952,
0.708035,0.673196,
0.767576,1.29892,
1.57492,2.55243,
1.93206,2.76559,
0.569729,0.693575,
-0.07493,0.106033,
-0.977799,-1.08888,
-2.93215,-5.65633,
0.307331,-0.171835,
-0.571945,-1.04541,
-0.775293,-0.710925,
-2.28692,-3.13973,
-1.5119,-1.79663,
0.0578398,-0.156238,
0.0421804,-0.768133,
1.57282,1.83113,
2.79959,4.97792,
0.318088,0.244294,
0.249005,0.403977,
1.69531,1.96147,
3.21996,4.31068,
1.16929,1.04116,
1.71506,1.88431,
1.43959,2.74066,
0.498862,0.628977,
0.539573,0.423448,
1.33557,1.7918,
2.10331,3.4929,
0.695318,0.471808,
-0.290667,0.195175,
-1.31724,-1.4486,
-3.0283,-6.0219,
0.888171,-0.577876,
-1.46782,-2.44079,
-0.980488,-0.564808,
-1.69687,-1.88634,
-2.1271,-3.08851,
-0.0663457,-0.271986,
-0.106171,-0.873151,
1.29962,1.19526,
2.84001,5.64283,
0.351831,0.341971,
0.248606,0.355209,
1.85901,2.07743,
3.21072,4.00068,
1.68612,1.56591,
2.10732,2.19855,
0.690578,1.33024,
0.134235,0.798148,
0.165363,0.0504857,
0.676088,0.863977,
1.81271,2.60835,
1.28877,1.54892,
0.496021,0.693691,
1.01448,-0.982939,
0.857653,-1.7212,
0.608833,0.235002,
1.26712,2.74502,
1.23586,1.74021,
0.959321,0.82472,
1.15001,-0.232689,
0.335408,0.190896,
2.13689,3.08473,
2.29159,2.47547,
1.56406,2.09836,
0.832426,1.24814,
1.44725,2.81896,
1.66894,1.93147,
2.65981,3.40524,
2.08343,2.67434,
1.66811,2.36071,
0.496958,1.11566,
0.340973,1.13935,
0.28027,-0.417304,
1.4459,1.88664,
2.19695,3.46881,
0.592153,0.592602,
-0.61243,0.185668,
-2.49552,-2.8745,
-2.06495,-2.67106,
0.416661,0.119524,
-1.52193,-2.47875,
-1.30385,-1.27379,
-1.07777,-0.982259,
-2.3745,-2.68846,
-0.193699,-0.26856,
0.448496,-0.233347,
1.96664,2.29791,
2.4795,3.61068,
0.334241,0.426027,
0.768,1.37529,
1.84646,2.41126,
2.66972,3.0586,
2.56983,3.34927,
2.09838,2.90554,
0.218972,0.362478,
-0.104445,0.30755,
-0.563685,-1.15803,
0.0452563,-0.579053,
0.288572,0.253906,
0.010175,0.716161,
-1.68721,-1.6579,
-4.27218,-8.43986,
0.0845577,0.255853,
0.0733183,-0.954375,
0.149575,0.333836,
-0.375033,-0.0519641,
-1.89328,-2.67798,
-2.26594,-3.71794,
0.516618,0.0542577,
-0.812766,-1.80816,
-0.14612,0.70719,
0.423712,0.0714336,
1.0491,1.69985,
1.30401,1.80098,
1.28538,1.32194,
3.37943,4.11012,
1.08381,0.727614,
1.62963,1.77569,
1.67105,3.19273,
0.514665,0.361111,
0.548109,0.746702,
1.47299,2.03269,
2.13573,3.5225,
0.573958,0.348738,
-0.349489,0.198127,
-1.96712,-2.12198,
-3.16631,-5.55557,
0.743946,-0.470832,
-1.18668,-1.96134,
-1.09963,-0.961204,
-1.87554,-2.14826,
-1.51621,-1.94172,
-0.206471,-0.341447,
-0.00718742,-0.667763,
1.37931,1.33101,
2.95792,5.86087,
0.190134,0.182177,
0.199639,0.311727,
1.0936,1.30151,
3.34684,4.90463,
1.2441,0.921038,
1.65573,1.82015,
1.52026,2.80939,
0.548073,0.621423,
0.60138,0.528841,
1.47261,2.79079,
1.7162,2.3685,
0.757809,1.03924,
0.136003,0.850531,
0.0483709,-0.971887,
-0.924596,-1.1389,
-1.70078,-3.41109,
-0.0189744,-0.490786,
-1.61296,-2.1944,
-2.41642,-3.29893,
-0.329852,-0.159377,
-1.48745,-1.67621,
-0.657373,-1.20286,
0.316467,-0.873036,
0.926357,1.11013,
1.79552,3.65643,
0.971943,0.566036,
1.43402,2.17867,
3.26247,4.79465,
0.978616,0.857608,
1.58891,2.01755,
1.79131,3.43978,
0.574961,0.280652,
0.364811,0.215321,
1.43643,2.2319,
1.90444,2.98955,
0.674806,0.521274,
-0.16969,0.522067,
-0.958149,-1.28381,
-2.94293,-5.34607,
0.283346,-0.0966787,
-0.90265,-1.52515,
-1.16066,-1.71671,
-1.81892,-2.48629,
-1.59769,-2.09152,
-0.0806258,-0.267573,
-0.0164094,-0.731031,
1.36377,1.35498,
3.00579,5.90821,
0.332618,0.370321,
0.181635,0.289078,
1.36081,1.65949,
3.04766,4.39188,
1.12037,1.0809,
1.81427,2.19597,
1.34043,2.58534,
0.397779,0.721608,
0.65137,0.593665,
1.69612,2.43694,
1.86116,2.66635,
0.478047,0.589656,
-0.272112,0.198639,
-1.50112,-1.64705,
-3.21409,-6.61579,
0.839157,-0.626612,
-1.18557,-1.9431,
-1.07538,-0.904215,
-1.86019,-2.12646,
-1.55882,-2.00626,
-0.0949524,-0.29542,
0.127075,-0.58344,
1.74064,2.0674,
3.17138,5.93848,
0.413443,-0.142593,
-0.367179,-0.960231,
0.753037,0.462652,
2.6092,3.04761,
2.7907,3.25594,
2.10897,2.80408,
0.41387,0.577364,
0.2575,1.09253,
0.209469,0.105771,
0.821873,1.18556,
1.8301,2.73286,
1.20316,1.58337,
0.506815,0.552194,
0.891032,-0.81386,
1.09926,-1.78338,
0.475677,0.0429126,
1.17986,2.18819,
1.08497,1.47359,
0.982921,1.13228,
1.19227,-0.137898,
0.488175,0.202509,
1.69772,2.23548,
2.66976,3.26399,
1.38152,1.89344,
0.622263,1.37104,
1.25128,3.02622,
1.28399,1.3495,
3.03294,3.88135,
1.56459,1.44514,
2.01816,2.36443,
0.819764,1.63485,
0.163511,0.816675,
0.231153,0.0156095,
0.906495,1.19344,
2.28549,4.12706,
0.938611,0.954353,
-0.379407,0.0055736,
-1.54957,-1.43198,
-3.24948,-6.41418,
0.711169,-0.468957,
-0.91796,-1.50644,
-0.999365,-1.07576,
-2.16527,-2.87138,
-1.66703,-1.8371,
-0.0872038,-0.34248,
-0.0721253,-0.805196,
1.3098,1.2242,
2.99616,5.86901,
0.308309,0.34205,
0.170753,0.224828,
1.43327,1.65457,
3.27546,4.6581,
1.11576,0.929181,
1.74076,1.98649,
1.44355,2.90302,
0.443682,0.556712,
0.582758,0.817502,
1.29119,1.40247,
2.43247,4.29899,
0.61356,0.494873,
-0.741018,-0.203579,
-3.08016,-4.17293,
-1.31715,-1.42156,
0.236575,0.00508981,
-1.09446,-2.19051,
-1.02365,-1.20559,
-2.14572,-2.63773,
-1.35229,-1.52965,
-0.260499,-0.326039,
0.0319026,-0.664812,
1.36951,1.35742,
2.89589,5.73967,
0.217209,0.121317,
0.0499636,0.100589,
0.954947,1.06109,
3.10661,4.76132,
1.25717,1.06743,
1.97764,2.27391,
1.23674,2.36218,
0.234162,0.635344,
0.569164,0.473938,
1.3895,1.74213,
2.14442,3.4115,
0.647035,0.620533,
-0.538692,0.339889,
-2.3242,-2.48258,
-2.5901,-3.88658,
0.810721,-0.176203,
-1.33252,-2.30273,
-0.766082,-0.279414,
-1.91996,-2.50508,
-2.14157,-3.07756,
0.385537,0.0375849,
-0.8233,-1.7449,
-0.0733278,0.17378,
0.474577,0.0201955,
1.18517,1.8459,
1.5645,2.30689,
1.08269,0.798218,
3.40068,3.42582,
0.718703,0.579876,
1.37395,1.60357,
1.89552,3.87032,
0.602253,0.223781,
0.438949,0.484452,
1.45253,2.5945,
1.75196,2.35691,
0.837603,1.03086,
0.0830299,1.11079,
-0.34183,-0.633865,
-1.9081,-2.60438,
-1.79795,-3.19949,
0.980037,0.681277,
-1.42255,-2.64543,
-1.85406,-2.57189,
-1.10287,-1.09529,
-1.08489,-1.19858,
-0.0176618,-0.172457,
0.740567,-0.00718242,
2.55979,3.8223,
0.990029,1.15574,
0.0579595,0.253094,
1.67104,2.08758,
2.9683,3.65523,
1.7213,1.88349,
2.00853,2.45176,
0.731986,1.46043,
0.157094,0.906311,
0.217289,-0.140466,
1.01168,1.26343,
1.97561,3.95923,
0.94786,0.648803,
-0.0653002,0.656734,
-0.502263,-0.978963,
-2.13888,-2.95502,
-1.60397,-2.56216,
0.960689,0.931537,
-1.46037,-2.50662,
-2.5128,-3.71131,
-0.363638,-0.193405,
-1.31308,-1.42456,
-0.539836,-1.13668,
0.375035,-0.732293,
1.28465,1.79115,
2.24023,4.64886,
0.288612,0.0633573,
1.54668,2.13504,
3.22551,4.54453,
0.989271,0.909441,
1.58864,1.99229,
1.64376,3.25476,
0.558247,0.317158,
0.509205,0.659533,
1.14889,1.61141,
1.88217,2.98406,
0.939901,0.719172,
0.0420918,0.851864,
-0.381047,-0.67782,
-1.98464,-2.77074,
-1.81038,-3.05971,
0.97157,0.798603,
-1.53988,-2.55938,
-2.29553,-3.40541,
-0.212517,-0.0892196,
-1.65875,-1.7501,
-0.869409,-1.20503,
0.355409,-0.849685,
0.954939,0.829098,
2.34468,4.45222,
0.529577,0.116522,
0.964009,1.35384,
3.42349,5.46668,
0.357688,0.565451,
1.08457,0.936041,
1.93906,4.22143,
0.830206,0.101678,
0.303793,0.677588,
1.26591,1.58079,
2.1007,3.40892,
0.780534,0.767321,
-0.348633,0.438375,
-1.76843,-1.66154,
-3.45264,-6.47755,
0.730359,-0.508504,
-1.05699,-1.83617,
-1.07307,-1.05193,
-1.86103,-2.2893,
-1.5309,-1.91399,
-0.374417,-0.49158,
0.0248709,-0.602591,
1.29527,1.25339,
3.05019,5.79329,
0.110777,0.2205,
0.174257,0.306989,
1.10551,1.24894,
3.2813,5.71935,
0.3602,0.571819,
1.24105,1.17768,
1.88798,4.22686,
0.807655,0.234452,
0.245697,0.226272,
1.33311,1.93528,
1.8804,2.88379,
0.805726,0.76533,
0.107029,0.850742,
-0.50322,-0.405653,
-2.10885,-2.8087,
-1.41899,-2.18081,
0.63817,0.586685,
-1.46713,-2.59194,
-2.08257,-2.88224,
-0.507002,-0.309488,
-1.66569,-1.40307,
-0.610268,-1.05043,
0.521363,-0.67026,
1.40827,1.97123,
2.36859,4.7094,
0.127891,0.150139,
1.61749,2.41197,
2.82661,3.67192,
1.21211,1.31247,
2.01529,2.58604,
1.38524,2.28298,
0.259512,0.781133,
0.530403,0.604742,
0.979921,1.05449,
2.14082,3.92899,
0.910528,0.757295,
-0.185044,0.270851,
-1.00595,-1.00523,
-3.03903,-5.68009,
0.40005,-0.0871956,
-0.836758,-1.59799,
-0.672364,-0.600596,
-1.9847,-2.59823,
-1.82251,-2.57041,
0.0232833,-0.209558,
-0.36362,-1.15336,
0.789269,0.665527,
1.96909,3.21081,
1.50652,2.07673,
0.358339,0.697636,
1.7482,2.84559,
1.9862,2.16552,
3.17165,3.32723,
1.5654,1.58915,
0.399818,0.9046,
0.518055,1.39719,
0.306724,-0.0922401,
0.850383,1.17065,
1.96947,2.8952,
1.18585,1.48856,
0.237921,0.563587,
0.044166,-0.405792,
-0.7023,-1.04575,
-2.09488,-3.72119,
-0.315754,-0.593209,
-0.804233,-1.26389,
-2.23733,-3.36065,
-1.16594,-1.25368,
-0.71686,-0.625099,
-0.296682,-0.725134,
0.77474,0.194237,
2.22983,3.63417,
1.36016,1.87261,
0.139273,0.506868,
1.75884,1.66939,
2.6471,2.92258,
2.30862,3.14442,
2.21746,2.87654,
0.596678,1.08105,
0.156886,0.769494,
0.0419846,0.142011,
0.157762,0.0736554,
0.912875,1.36256,
1.15874,2.1657,
0.923108,1.36248,
1.66181,-0.91616,
0.624412,-0.875142,
0.139822,-0.133492,
0.484147,0.780745,
0.408347,0.78296,
-0.188183,0.450292,
-1.51483,-1.82579,
-2.36929,-4.67538,
0.6614,-0.214664,
0.757068,-0.261648,
3.1716,4.12107,
0.116026,0.371377,
-0.0843249,-0.117082,
0.721873,0.595452,
2.96297,3.4409,
1.83346,1.70244,
2.07854,2.33782,
0.919523,1.70269,
0.287664,0.86391,
0.49107,0.554837,
1.03154,1.22468,
2.20357,4.03328,
0.823128,0.710816,
-0.475014,0.174546,
-2.19368,-2.49347,
-2.9809,-4.80676,
0.68183,-0.324732,
-1.14794,-1.8622,
-0.942485,-0.938133,
-1.58615,-2.11002,
-2.23286,-3.49053,
0.115934,-0.0834244,
-0.288125,-1.11666,
0.961767,0.863244,
2.3336,3.89772,
1.08431,1.26851,
0.423711,0.966878,
1.56145,2.74511,
2.20983,2.40658,
2.64521,3.30837,
1.83193,2.36052,
0.660044,1.3802,
0.584384,1.50385,
0.750269,1.01279,
1.33059,1.71798,
2.05388,3.24906,
0.725388,0.647829,
-0.227575,0.612065,
-1.45884,-1.32293,
-3.65162,-7.42592,
0.464876,-0.124101,
-0.358741,-1.11019,
-0.183069,0.230904,
-1.9613,-2.38934,
-2.72199,-4.57513,
0.715264,-0.190975,
-1.4011,-2.49045,
-1.19412,1.26051,
0.342364,-1.39667,
-0.178401,-0.744014,
0.081054,0.347181,
0.600009,0.472314,
2.9566,3.33866,
1.79339,1.51183,
2.33481,2.94859,
0.688105,1.25823,
-0.1903,0.308349,
-0.438548,-0.97413,
-0.16418,-0.74882,
0.47199,0.353642,
0.578712,1.3398,
-0.0713785,0.66354,
-1.10445,-1.03291,
-3.24676,-5.96567,
0.458795,-0.0477001,
-0.813747,-1.46669,
-0.85515,-1.1317,
-1.95177,-2.49075,
-2.03284,-2.7035,
-0.0293166,-0.228843,
-0.63741,-1.37493,
0.357321,0.00613314,
1.04247,1.36783,
2.19038,4.48413,
0.700537,0.357374,
0.861734,1.24876,
3.41905,5.36501,
0.246662,0.648882,
1.07292,0.889228,
2.0164,4.30531,
0.824567,0.103937,
0.241694,0.562157,
1.33698,1.74304,
2.16247,3.32875,
0.761543,0.894238,
-0.348117,0.36344,
-1.95083,-2.14732,
-3.39916,-6.03468,
0.581666,-0.36128,
-0.861752,-1.55311,
-1.00148,-1.15852,
-1.82528,-2.56436,
-1.48661,-1.69,
-0.596178,-0.828497,
0.113923,-0.396614,
1.2021,1.09924,
3.22947,5.8062,
0.175816,0.261077,
0.0177998,0.0172586,
0.623529,0.716492,
2.52142,3.07473,
2.81803,3.12157,
2.40427,3.22069,
0.734997,0.658229,
-0.104409,0.266823,
-0.118516,-0.382366,
0.0138233,-0.203071,
0.891522,1.06133,
1.22629,2.72137,
0.974685,1.31434,
1.671,-0.766342,
0.685242,-0.865646,
0.0818067,-0.0803262,
0.711421,0.839489,
0.78278,1.39957,
0.579255,1.66624,
0.62544,-0.377832,
0.396033,-0.473316,
1.17586,0.78726,
3.2709,5.75491,
0.226035,0.500591,
0.543787,0.917099,
0.906821,1.64109,
1.70886,2.44705,
2.33551,2.78298,
2.17909,3.00483,
2.36539,3.17733,
0.699204,1.26085,
-0.0523667,0.383765,
-0.0484518,-0.268365,
0.416145,0.281093,
1.4805,2.14813,
1.64277,2.79558,
0.796721,0.350043,
0.895318,-0.2539,
1.21461,-1.44825,
0.508867,0.0751584,
1.18564,1.77489,
1.2786,1.71461,
0.955985,0.92136,
0.979273,0.440732,
0.743787,-0.0099348,
1.18558,1.29913,
2.94152,4.84861,
0.513953,0.748787,
1.17413,2.15379,
1.69241,2.98491,
0.834908,0.484081,
2.84774,3.99919,
1.68195,1.51246,
2.51105,3.38506,
0.846845,1.41277,
-0.080172,0.162233,
-0.16188,-0.129497,
-0.176495,-0.65905,
0.538024,0.582706,
0.444151,1.24336,
-0.0815391,0.612165,
-1.38355,-1.33229,
-3.67064,-7.7674,
0.412054,-0.0780623,
-0.312454,-0.914065,
-0.506757,-0.442437,
-2.10553,-2.7664,
-2.22477,-3.2253,
0.0132379,-0.165703,
-0.637314,-1.40112,
0.287771,0.048742,
1.10859,1.22222,
2.4234,4.79286,
0.453067,0.123213,
0.698953,1.13445,
3.1064,4.13853,
1.19164,1.00928,
2.08494,2.1335,
1.59173,2.78656,
0.15005,0.561002,
0.397353,0.177586,
0.781516,1.03028,
2.01116,3.32391,
1.18027,1.24694,
0.0126132,0.664786,
-0.579442,-0.49512,
-2.49626,-3.87891,
-1.19323,-1.65985,
0.68088,0.518435,
-1.34988,-2.49729,
-2.19749,-3.2846,
-0.58855,-0.361261,
-1.35283,-1.25122,
-0.567194,-1.10552,
0.581267,-0.246058,
1.48281,2.23611,
2.07655,4.00294,
0.275532,0.220448,
1.50021,2.22124,
2.71216,3.30677,
2.07936,2.2421,
2.42618,3.43683,
0.59596,0.86776,
0.158713,0.695523,
0.0975102,0.254729,
0.476674,0.479228,
1.85503,2.48755,
1.61175,2.34122,
0.401284,0.454431,
0.39376,-0.471831,
0.327872,-1.05278,
-0.292802,-0.607803,
-0.204691,-0.591287,
-0.545467,-0.651382,
-2.09292,-2.66754,
-2.38709,-3.42164,
-0.0785646,-0.142677,
-0.456324,-1.3013,
0.530748,0.35378,
1.55529,2.05891,
2.32659,4.14886,
0.332522,0.168447,
0.806453,1.30842,
2.65123,3.65093,
1.63503,1.58868,
2.49773,3.1022,
0.873011,1.53253,
-0.249679,0.0126316,
-0.364779,-0.678161,
-0.107801,-0.720906,
0.448345,0.483851,
0.618057,1.36409,
0.174523,1.04331,
-0.573898,-0.333027,
-2.2463,-2.97642,
-1.69757,-2.52668,
0.968209,0.791165,
-1.11411,-2.02422,
-1.47059,-1.41999,
-2.24472,-3.09755,
-0.314285,-0.352799,
-0.274167,-0.920157,
0.873321,0.609029,
2.2711,3.58119,
1.21288,1.5049,
0.305468,0.694435,
1.82681,2.53528,
2.31234,2.31112,
2.72985,3.295,
1.94832,2.61527,
0.584518,0.919585,
0.544235,1.45156,
0.650371,0.733646,
1.14851,1.65377,
1.97203,2.763,
1.1264,1.4029,
0.0173116,0.753754,
-0.633782,-0.453214,
-2.44335,-3.70651,
-1.00457,-1.3514,
0.553797,0.380237,
-1.20817,-1.87492,
-2.08548,-3.23763,
-0.644956,-0.410767,
-1.46627,-1.24545,
-0.374355,-0.855171,
0.498097,-0.703148,
1.74083,2.62734,
2.38801,4.16356,
0.183792,0.130836,
1.06186,1.42706,
2.66568,3.48388,
1.54542,1.55391,
2.49542,3.45278,
0.836684,1.44755,
-0.189886,0.124198,
-0.400982,-0.544591,
-0.614181,-1.25995,
-0.113572,-0.782015,
-0.28635,-0.558085,
-1.7676,-1.72831,
-3.51643,-6.21876,
0.0684746,0.0563237,
-0.894975,-1.48665,
-1.0976,-2.17821,
-0.461426,-1.08422,
-2.14105,-2.90057,
-1.67605,-2.38026,
-0.30532,-0.225343,
-0.806042,-1.44528,
0.0747373,-0.609575,
0.686126,0.427863,
1.83667,3.10893,
1.0788,1.18338,
0.811856,1.42315,
2.94309,4.80716,
0.977964,0.949155,
1.90875,2.47263,
1.85382,3.02811,
0.301753,0.51148,
0.233266,-0.0517232,
0.745935,0.899226,
2.05499,3.16219,
1.23545,1.32224,
-0.101922,0.58563,
-0.764365,-0.717076,
-2.69881,-4.30285,
-0.533194,-0.61422,
0.165584,-0.352308,
-0.772311,-1.11053,
-2.14658,-3.26752,
-1.55788,-1.81742,
-0.613687,-0.732253,
-0.440636,-0.937311,
0.557331,-0.127632,
1.75951,2.40704,
2.21736,3.88937,
0.131187,0.221387,
1.28901,1.75957,
2.53187,2.78509,
2.08682,2.21478,
2.79251,3.69991,
0.856226,1.06402,
-0.595779,-0.486191,
-1.20014,-2.05846,
-0.698501,-1.33949,
0.113385,-0.521658,
-0.25274,-0.436378,
-1.49415,-1.51689,
-3.52945,-6.12583,
-0.0263528,-0.0067381,
-0.840659,-1.41858,
-1.16888,-2.26631,
-0.443602,-1.0607,
-2.04581,-2.7106,
-1.74546,-2.44493,
-0.295179,-0.325694,
-0.778974,-1.37986,
0.0982516,-0.580322,
0.768508,0.57473,
1.97485,3.45921,
1.00701,0.899732,
0.922742,1.32919,
3.24203,4.59187,
-0.107096,0.658288,
0.78631,0.780854,
1.93537,3.35851,
1.10811,1.05498,
0.196672,0.490797,
1.3161,1.86071,
1.88717,2.14001,
1.08541,1.42838,
0.0366763,0.918637,
-0.424562,-0.54741,
-2.09857,-3.00688,
-1.79822,-2.91345,
0.943254,0.849086,
-1.33808,-2.62817,
-1.50049,-1.52137,
-2.08545,-2.64598,
-0.579675,-0.768792,
0.176964,-0.345801,
1.31781,1.30032,
3.314,6.10455,
0.225697,0.0976558,
-0.267938,-0.595641,
0.225524,0.0779059,
1.49951,1.74672,
4.02166,7.1338,
0.537936,-0.125462,
0.347639,0.520431,
0.526357,1.51577,
0.354579,0.135251,
0.998069,1.46588,
2.02832,2.99609,
1.09848,1.2283,
-0.0562316,0.569286,
-0.767365,-0.61075,
-2.85517,-4.97413,
-0.454882,-0.5102,
0.026936,-0.485169,
-0.666017,-1.1008,
-1.64607,-2.2587,
-2.37988,-3.62886,
-0.368418,-0.393995,
-0.334542,-0.969532,
0.715623,0.3403,
2.28486,3.20728,
1.69072,2.46769,
0.048697,0.421447,
1.36422,0.957101,
